CASE #,Known to Police or FBI,Romantic Partner Victim,Homicide,Forcible rape,Robbery,Aggravated Assault,Burglary,Larceny-Theft,Motor Vehicle Theft,Arson,Simple assault,"Fraud, forgery, embezzlement",Stolen property,Vandalism,Weapons offenses,Prostitution or other non-rape sex offenses,Drugs,DUI,Other,Highest Level of Justice System Involvement,History of Physical Altercations,History of Animal Abuse,History of Domestic Abuse,Domestic Abuse Specified,History of Sexual Offenses,Gang Affiliation,Terror Group Affiliation,Known Hate Group or Chat Room Affiliation,Violent Video Games,Bully,Bullied
1,FALSE,TRUE,FALSE,FALSE,FALSE,FALSE,FALSE,FALSE,FALSE,FALSE,FALSE,FALSE,FALSE,FALSE,FALSE,FALSE,FALSE,FALSE,TRUE,Convicted,No evidence,FALSE,Abused romantic partner,Non-sexual physical violence,FALSE,FALSE,FALSE,No evidence,FALSE,FALSE,FALSE
2,FALSE,FALSE,FALSE,FALSE,FALSE,FALSE,FALSE,FALSE,FALSE,FALSE,FALSE,FALSE,FALSE,FALSE,FALSE,FALSE,FALSE,FALSE,FALSE,N/A,No evidence,FALSE,No evidence,N/A,FALSE,FALSE,FALSE,No evidence,FALSE,FALSE,TRUE
3,TRUE,FALSE,FALSE,FALSE,FALSE,FALSE,FALSE,FALSE,FALSE,FALSE,TRUE,FALSE,FALSE,FALSE,FALSE,FALSE,FALSE,FALSE,FALSE,Suspected,Attacked inanimate objects during arguments,FALSE,No evidence,N/A,FALSE,FALSE,FALSE,No evidence,FALSE,FALSE,TRUE
4,FALSE,FALSE,FALSE,FALSE,FALSE,FALSE,FALSE,FALSE,FALSE,FALSE,FALSE,FALSE,FALSE,FALSE,FALSE,FALSE,FALSE,FALSE,FALSE,N/A,No evidence,FALSE,No evidence,N/A,FALSE,FALSE,FALSE,No evidence,FALSE,FALSE,FALSE
5,FALSE,FALSE,FALSE,FALSE,FALSE,FALSE,FALSE,FALSE,FALSE,FALSE,FALSE,FALSE,FALSE,FALSE,FALSE,FALSE,FALSE,FALSE,FALSE,N/A,No evidence,FALSE,,Threats / coercive control,FALSE,FALSE,FALSE,Other radical group association,FALSE,FALSE,TRUE
6,FALSE,FALSE,FALSE,FALSE,FALSE,FALSE,FALSE,FALSE,FALSE,FALSE,FALSE,FALSE,FALSE,FALSE,FALSE,FALSE,FALSE,FALSE,FALSE,N/A,No evidence,FALSE,No evidence,N/A,FALSE,FALSE,FALSE,No evidence,FALSE,FALSE,TRUE
7,FALSE,TRUE,FALSE,FALSE,FALSE,TRUE,FALSE,FALSE,FALSE,FALSE,FALSE,FALSE,FALSE,FALSE,FALSE,FALSE,FALSE,FALSE,TRUE,Convicted,Attacked inanimate objects during arguments,FALSE,No evidence,N/A,FALSE,FALSE,FALSE,No evidence,FALSE,FALSE,TRUE
8,FALSE,TRUE,FALSE,FALSE,FALSE,FALSE,FALSE,FALSE,FALSE,FALSE,FALSE,FALSE,FALSE,FALSE,FALSE,FALSE,FALSE,FALSE,TRUE,Arrested,No evidence,FALSE,No evidence,N/A,FALSE,FALSE,FALSE,No evidence,FALSE,FALSE,FALSE
9,FALSE,TRUE,TRUE,FALSE,FALSE,FALSE,FALSE,FALSE,FALSE,FALSE,FALSE,FALSE,FALSE,FALSE,FALSE,FALSE,FALSE,FALSE,TRUE,Convicted,Attacked inanimate objects during arguments,FALSE,No evidence,N/A,FALSE,FALSE,FALSE,Other radical group association,FALSE,FALSE,TRUE
10,FALSE,TRUE,FALSE,FALSE,FALSE,TRUE,FALSE,FALSE,FALSE,FALSE,FALSE,FALSE,FALSE,FALSE,FALSE,FALSE,FALSE,FALSE,FALSE,Convicted,No evidence,FALSE,No evidence,N/A,FALSE,FALSE,FALSE,No evidence,FALSE,FALSE,FALSE
11,FALSE,FALSE,FALSE,TRUE,FALSE,TRUE,FALSE,FALSE,FALSE,FALSE,FALSE,FALSE,FALSE,FALSE,FALSE,FALSE,FALSE,FALSE,FALSE,N/A,Attacked inanimate objects during arguments,FALSE,Abused romantic partner,,TRUE,FALSE,FALSE,No evidence,FALSE,FALSE,FALSE
12,FALSE,TRUE,FALSE,FALSE,FALSE,FALSE,FALSE,FALSE,FALSE,FALSE,FALSE,FALSE,FALSE,FALSE,FALSE,FALSE,FALSE,FALSE,TRUE,Convicted,No evidence,FALSE,No evidence,N/A,FALSE,FALSE,FALSE,Hate group community association,FALSE,FALSE,FALSE
13,FALSE,FALSE,FALSE,FALSE,FALSE,FALSE,FALSE,FALSE,FALSE,FALSE,FALSE,FALSE,FALSE,FALSE,FALSE,FALSE,FALSE,FALSE,FALSE,N/A,No evidence,FALSE,Abused romantic partner,Threats with a deadly weapon,FALSE,FALSE,FALSE,No evidence,FALSE,FALSE,FALSE
14,TRUE,TRUE,FALSE,FALSE,FALSE,FALSE,FALSE,FALSE,FALSE,FALSE,FALSE,FALSE,FALSE,TRUE,TRUE,FALSE,FALSE,TRUE,TRUE,Convicted,No evidence,FALSE,No evidence,N/A,FALSE,FALSE,FALSE,No evidence,FALSE,FALSE,FALSE
15,FALSE,FALSE,FALSE,FALSE,FALSE,FALSE,FALSE,FALSE,FALSE,FALSE,FALSE,FALSE,FALSE,FALSE,FALSE,FALSE,FALSE,FALSE,FALSE,N/A,No evidence,FALSE,No evidence,N/A,FALSE,FALSE,FALSE,No evidence,FALSE,FALSE,FALSE
16,FALSE,TRUE,FALSE,FALSE,FALSE,FALSE,FALSE,FALSE,FALSE,FALSE,FALSE,FALSE,FALSE,FALSE,FALSE,FALSE,FALSE,FALSE,TRUE,Arrested,No evidence,FALSE,No evidence,N/A,FALSE,FALSE,FALSE,No evidence,FALSE,FALSE,FALSE
17,FALSE,TRUE,TRUE,TRUE,FALSE,FALSE,FALSE,FALSE,FALSE,TRUE,FALSE,FALSE,FALSE,FALSE,FALSE,FALSE,FALSE,FALSE,FALSE,Charged,Attacked inanimate objects during arguments,FALSE,,,TRUE,FALSE,FALSE,No evidence,FALSE,FALSE,FALSE
18,FALSE,FALSE,FALSE,FALSE,FALSE,FALSE,FALSE,FALSE,FALSE,FALSE,FALSE,FALSE,FALSE,FALSE,FALSE,FALSE,FALSE,FALSE,FALSE,N/A,No evidence,FALSE,No evidence,N/A,FALSE,FALSE,FALSE,No evidence,FALSE,FALSE,FALSE
19,FALSE,FALSE,FALSE,FALSE,FALSE,FALSE,FALSE,FALSE,FALSE,FALSE,FALSE,FALSE,FALSE,FALSE,FALSE,FALSE,FALSE,FALSE,FALSE,N/A,No evidence,FALSE,No evidence,N/A,FALSE,FALSE,FALSE,No evidence,FALSE,FALSE,FALSE
20,FALSE,TRUE,TRUE,FALSE,FALSE,FALSE,FALSE,FALSE,FALSE,FALSE,FALSE,FALSE,FALSE,FALSE,FALSE,FALSE,FALSE,FALSE,FALSE,Convicted,Attacked inanimate objects during arguments,FALSE,No evidence,N/A,FALSE,FALSE,FALSE,No evidence,FALSE,FALSE,FALSE
21,FALSE,TRUE,TRUE,FALSE,FALSE,FALSE,FALSE,FALSE,FALSE,FALSE,TRUE,FALSE,TRUE,FALSE,FALSE,FALSE,TRUE,TRUE,TRUE,Convicted,No evidence,FALSE,Abused romantic partner,Non-sexual physical violence,FALSE,FALSE,FALSE,No evidence,FALSE,FALSE,FALSE
22,FALSE,FALSE,FALSE,FALSE,FALSE,FALSE,FALSE,FALSE,FALSE,FALSE,FALSE,FALSE,FALSE,FALSE,FALSE,FALSE,FALSE,FALSE,FALSE,N/A,No evidence,FALSE,No evidence,N/A,FALSE,FALSE,FALSE,No evidence,FALSE,FALSE,FALSE
23,FALSE,FALSE,FALSE,FALSE,FALSE,FALSE,FALSE,FALSE,FALSE,FALSE,FALSE,FALSE,FALSE,FALSE,FALSE,FALSE,FALSE,FALSE,FALSE,N/A,No evidence,FALSE,Abused romantic partner,Threats / coercive control,FALSE,FALSE,FALSE,No evidence,FALSE,FALSE,FALSE
24,FALSE,FALSE,FALSE,FALSE,FALSE,FALSE,FALSE,FALSE,FALSE,FALSE,FALSE,FALSE,FALSE,FALSE,FALSE,FALSE,FALSE,FALSE,FALSE,N/A,Attacked inanimate objects during arguments,FALSE,Abused romantic partner,Threats / coercive control,FALSE,FALSE,FALSE,No evidence,FALSE,TRUE,FALSE
25,FALSE,FALSE,FALSE,FALSE,FALSE,FALSE,FALSE,FALSE,FALSE,FALSE,FALSE,FALSE,FALSE,FALSE,FALSE,FALSE,FALSE,FALSE,FALSE,N/A,No evidence,FALSE,No evidence,N/A,FALSE,FALSE,FALSE,No evidence,FALSE,FALSE,FALSE
26,FALSE,FALSE,FALSE,FALSE,FALSE,FALSE,FALSE,FALSE,FALSE,FALSE,TRUE,FALSE,FALSE,FALSE,FALSE,FALSE,FALSE,FALSE,FALSE,N/A,No evidence,FALSE,No evidence,N/A,FALSE,FALSE,FALSE,No evidence,FALSE,FALSE,FALSE
27,FALSE,TRUE,TRUE,FALSE,FALSE,FALSE,TRUE,FALSE,FALSE,FALSE,FALSE,FALSE,TRUE,FALSE,TRUE,FALSE,FALSE,FALSE,FALSE,Convicted,No evidence,FALSE,No evidence,N/A,FALSE,FALSE,FALSE,No evidence,FALSE,FALSE,FALSE
28,FALSE,TRUE,FALSE,FALSE,TRUE,TRUE,FALSE,FALSE,FALSE,FALSE,TRUE,FALSE,TRUE,FALSE,FALSE,FALSE,FALSE,FALSE,TRUE,Convicted,Attacked inanimate objects during arguments,FALSE,Abused romantic partner,,FALSE,FALSE,FALSE,No evidence,FALSE,FALSE,TRUE
29,TRUE,TRUE,FALSE,FALSE,FALSE,FALSE,FALSE,FALSE,FALSE,FALSE,FALSE,FALSE,FALSE,FALSE,FALSE,FALSE,FALSE,FALSE,TRUE,Convicted,No evidence,TRUE,,,FALSE,FALSE,FALSE,No evidence,FALSE,FALSE,TRUE
30,FALSE,TRUE,FALSE,FALSE,FALSE,FALSE,FALSE,FALSE,FALSE,FALSE,FALSE,FALSE,FALSE,FALSE,FALSE,FALSE,FALSE,FALSE,TRUE,Convicted,Attacked inanimate objects during arguments,FALSE,No evidence,N/A,FALSE,FALSE,FALSE,No evidence,FALSE,TRUE,FALSE
31,FALSE,FALSE,FALSE,FALSE,FALSE,FALSE,FALSE,FALSE,FALSE,FALSE,FALSE,FALSE,FALSE,FALSE,FALSE,FALSE,FALSE,FALSE,FALSE,N/A,No evidence,FALSE,No evidence,N/A,FALSE,FALSE,FALSE,No evidence,FALSE,FALSE,FALSE
32,FALSE,FALSE,FALSE,FALSE,FALSE,FALSE,FALSE,FALSE,FALSE,FALSE,FALSE,FALSE,FALSE,FALSE,FALSE,FALSE,FALSE,FALSE,FALSE,N/A,Attacked inanimate objects during arguments,TRUE,Abused other family member(s),Threats / coercive control,TRUE,FALSE,FALSE,No evidence,FALSE,FALSE,FALSE
33,FALSE,TRUE,FALSE,FALSE,FALSE,FALSE,FALSE,FALSE,FALSE,FALSE,TRUE,FALSE,FALSE,FALSE,FALSE,FALSE,FALSE,FALSE,TRUE,Convicted,No evidence,FALSE,No evidence,N/A,TRUE,FALSE,FALSE,No evidence,FALSE,TRUE,FALSE
34,TRUE,FALSE,FALSE,FALSE,FALSE,FALSE,FALSE,FALSE,FALSE,FALSE,FALSE,FALSE,FALSE,FALSE,FALSE,FALSE,FALSE,FALSE,TRUE,Suspected,No evidence,FALSE,Abused romantic partner,Threats / coercive control,TRUE,FALSE,FALSE,No evidence,FALSE,TRUE,FALSE
35,TRUE,TRUE,FALSE,FALSE,FALSE,FALSE,FALSE,FALSE,FALSE,FALSE,FALSE,FALSE,FALSE,FALSE,FALSE,FALSE,FALSE,FALSE,FALSE,Arrested,Physically attacked people,FALSE,No evidence,N/A,FALSE,FALSE,FALSE,No evidence,FALSE,FALSE,FALSE
36,FALSE,TRUE,FALSE,FALSE,FALSE,FALSE,FALSE,FALSE,FALSE,FALSE,TRUE,FALSE,FALSE,FALSE,FALSE,FALSE,TRUE,FALSE,FALSE,Convicted,Attacked inanimate objects during arguments,FALSE,No evidence,N/A,FALSE,FALSE,FALSE,No evidence,FALSE,FALSE,FALSE
37,FALSE,TRUE,FALSE,FALSE,FALSE,FALSE,FALSE,FALSE,FALSE,FALSE,FALSE,FALSE,TRUE,FALSE,TRUE,TRUE,TRUE,FALSE,TRUE,Convicted,Attacked inanimate objects during arguments,FALSE,Abused other family member(s),Non-sexual physical violence,FALSE,FALSE,FALSE,No evidence,FALSE,FALSE,FALSE
38,FALSE,FALSE,FALSE,FALSE,FALSE,FALSE,FALSE,FALSE,FALSE,FALSE,FALSE,FALSE,FALSE,FALSE,FALSE,FALSE,FALSE,FALSE,FALSE,N/A,No evidence,FALSE,No evidence,N/A,FALSE,FALSE,FALSE,No evidence,FALSE,FALSE,FALSE
39,FALSE,TRUE,TRUE,TRUE,FALSE,FALSE,FALSE,FALSE,FALSE,FALSE,FALSE,TRUE,FALSE,FALSE,TRUE,TRUE,FALSE,FALSE,FALSE,Convicted,Attacked inanimate objects during arguments,FALSE,Abused romantic partner,,FALSE,TRUE,FALSE,No evidence,FALSE,FALSE,FALSE
40,TRUE,FALSE,TRUE,TRUE,TRUE,TRUE,TRUE,FALSE,FALSE,FALSE,FALSE,FALSE,FALSE,FALSE,TRUE,FALSE,FALSE,FALSE,TRUE,Suspected,No evidence,FALSE,No evidence,N/A,TRUE,FALSE,FALSE,No evidence,FALSE,TRUE,FALSE
41,TRUE,TRUE,FALSE,FALSE,FALSE,FALSE,FALSE,FALSE,FALSE,FALSE,FALSE,FALSE,FALSE,FALSE,FALSE,FALSE,TRUE,FALSE,FALSE,Convicted,Attacked inanimate objects during arguments,FALSE,No evidence,N/A,FALSE,FALSE,FALSE,No evidence,FALSE,FALSE,FALSE
42,FALSE,FALSE,FALSE,FALSE,FALSE,FALSE,FALSE,FALSE,FALSE,FALSE,FALSE,FALSE,FALSE,FALSE,FALSE,FALSE,FALSE,FALSE,FALSE,N/A,No evidence,FALSE,No evidence,N/A,FALSE,FALSE,FALSE,No evidence,FALSE,FALSE,FALSE
43,TRUE,TRUE,FALSE,FALSE,FALSE,FALSE,FALSE,FALSE,FALSE,FALSE,TRUE,FALSE,FALSE,FALSE,FALSE,FALSE,FALSE,FALSE,FALSE,Arrested,Attacked inanimate objects during arguments,FALSE,Abused romantic partner,Non-sexual physical violence,FALSE,FALSE,FALSE,No evidence,FALSE,FALSE,FALSE
44,TRUE,TRUE,FALSE,FALSE,FALSE,FALSE,FALSE,FALSE,FALSE,FALSE,TRUE,FALSE,FALSE,FALSE,FALSE,FALSE,FALSE,FALSE,TRUE,Charged,Attacked inanimate objects during arguments,FALSE,No evidence,N/A,FALSE,FALSE,FALSE,No evidence,FALSE,TRUE,FALSE
45,FALSE,FALSE,FALSE,FALSE,FALSE,FALSE,FALSE,FALSE,FALSE,FALSE,FALSE,FALSE,FALSE,FALSE,FALSE,FALSE,FALSE,FALSE,FALSE,N/A,No evidence,FALSE,No evidence,N/A,FALSE,FALSE,FALSE,No evidence,FALSE,FALSE,FALSE
46,FALSE,FALSE,FALSE,FALSE,FALSE,FALSE,FALSE,FALSE,FALSE,FALSE,FALSE,FALSE,FALSE,FALSE,FALSE,FALSE,FALSE,FALSE,FALSE,N/A,No evidence,FALSE,Abused other family member(s),,FALSE,FALSE,FALSE,No evidence,FALSE,FALSE,FALSE
47,FALSE,TRUE,FALSE,FALSE,FALSE,TRUE,FALSE,FALSE,FALSE,FALSE,FALSE,FALSE,FALSE,FALSE,TRUE,FALSE,FALSE,FALSE,TRUE,Convicted,No evidence,FALSE,Abused romantic partner,Non-sexual physical violence,FALSE,FALSE,FALSE,No evidence,FALSE,FALSE,FALSE
48,FALSE,TRUE,FALSE,FALSE,FALSE,FALSE,FALSE,FALSE,FALSE,FALSE,TRUE,FALSE,FALSE,FALSE,FALSE,FALSE,FALSE,FALSE,FALSE,Convicted,No evidence,FALSE,No evidence,N/A,FALSE,FALSE,FALSE,No evidence,FALSE,FALSE,FALSE
49,FALSE,FALSE,FALSE,FALSE,FALSE,FALSE,FALSE,FALSE,FALSE,FALSE,FALSE,FALSE,FALSE,FALSE,FALSE,FALSE,FALSE,FALSE,FALSE,N/A,No evidence,FALSE,No evidence,N/A,FALSE,FALSE,FALSE,No evidence,FALSE,FALSE,FALSE
50,FALSE,FALSE,FALSE,FALSE,FALSE,FALSE,FALSE,FALSE,FALSE,FALSE,FALSE,FALSE,FALSE,FALSE,FALSE,FALSE,FALSE,FALSE,FALSE,N/A,No evidence,FALSE,No evidence,N/A,FALSE,FALSE,FALSE,No evidence,FALSE,FALSE,FALSE
51,FALSE,FALSE,FALSE,FALSE,FALSE,FALSE,FALSE,FALSE,FALSE,FALSE,FALSE,FALSE,FALSE,FALSE,FALSE,FALSE,FALSE,FALSE,FALSE,N/A,No evidence,FALSE,No evidence,N/A,FALSE,FALSE,FALSE,No evidence,FALSE,FALSE,FALSE
52,FALSE,FALSE,FALSE,FALSE,FALSE,FALSE,FALSE,FALSE,FALSE,FALSE,FALSE,FALSE,FALSE,FALSE,FALSE,FALSE,FALSE,FALSE,FALSE,N/A,No evidence,FALSE,No evidence,N/A,FALSE,FALSE,FALSE,No evidence,FALSE,FALSE,FALSE
53,FALSE,TRUE,FALSE,FALSE,FALSE,FALSE,FALSE,FALSE,FALSE,FALSE,FALSE,FALSE,FALSE,FALSE,FALSE,FALSE,FALSE,FALSE,TRUE,Arrested,No evidence,FALSE,Abused romantic partner,,FALSE,FALSE,FALSE,No evidence,FALSE,FALSE,FALSE
54,FALSE,TRUE,FALSE,FALSE,TRUE,FALSE,FALSE,FALSE,FALSE,FALSE,FALSE,FALSE,FALSE,FALSE,TRUE,FALSE,TRUE,FALSE,FALSE,Convicted,No evidence,FALSE,No evidence,N/A,FALSE,FALSE,FALSE,No evidence,TRUE,FALSE,FALSE
55,TRUE,FALSE,FALSE,FALSE,FALSE,FALSE,FALSE,FALSE,FALSE,FALSE,FALSE,FALSE,FALSE,FALSE,FALSE,FALSE,FALSE,FALSE,FALSE,N/A,No evidence,FALSE,No evidence,N/A,FALSE,FALSE,FALSE,No evidence,FALSE,FALSE,TRUE
56,FALSE,TRUE,FALSE,FALSE,FALSE,FALSE,FALSE,FALSE,FALSE,FALSE,TRUE,FALSE,FALSE,FALSE,FALSE,FALSE,FALSE,FALSE,TRUE,Convicted,Attacked inanimate objects during arguments,FALSE,No evidence,N/A,FALSE,FALSE,FALSE,No evidence,FALSE,FALSE,FALSE
57,FALSE,FALSE,FALSE,FALSE,FALSE,FALSE,FALSE,FALSE,FALSE,FALSE,FALSE,FALSE,FALSE,FALSE,FALSE,FALSE,FALSE,FALSE,FALSE,N/A,No evidence,FALSE,No evidence,N/A,FALSE,FALSE,FALSE,No evidence,FALSE,FALSE,FALSE
58,FALSE,FALSE,FALSE,FALSE,FALSE,FALSE,FALSE,FALSE,FALSE,FALSE,FALSE,FALSE,FALSE,FALSE,FALSE,FALSE,FALSE,FALSE,FALSE,N/A,No evidence,FALSE,No evidence,N/A,FALSE,FALSE,FALSE,No evidence,FALSE,FALSE,FALSE
59,FALSE,TRUE,TRUE,FALSE,TRUE,FALSE,FALSE,FALSE,FALSE,FALSE,TRUE,FALSE,FALSE,FALSE,FALSE,FALSE,TRUE,FALSE,TRUE,Convicted,No evidence,FALSE,No evidence,N/A,FALSE,FALSE,FALSE,No evidence,FALSE,FALSE,FALSE
60,FALSE,FALSE,FALSE,FALSE,FALSE,FALSE,FALSE,FALSE,FALSE,FALSE,FALSE,FALSE,FALSE,FALSE,FALSE,FALSE,FALSE,FALSE,FALSE,N/A,No evidence,FALSE,No evidence,N/A,FALSE,FALSE,FALSE,No evidence,FALSE,TRUE,FALSE
61,FALSE,FALSE,FALSE,FALSE,FALSE,FALSE,FALSE,FALSE,FALSE,FALSE,FALSE,FALSE,FALSE,FALSE,FALSE,FALSE,FALSE,FALSE,FALSE,N/A,No evidence,FALSE,No evidence,N/A,FALSE,FALSE,FALSE,No evidence,FALSE,FALSE,FALSE
62,TRUE,TRUE,FALSE,FALSE,FALSE,FALSE,FALSE,FALSE,FALSE,FALSE,FALSE,FALSE,FALSE,FALSE,FALSE,FALSE,FALSE,FALSE,TRUE,Arrested,No evidence,FALSE,No evidence,N/A,FALSE,FALSE,FALSE,No evidence,FALSE,TRUE,FALSE
63,FALSE,TRUE,FALSE,FALSE,TRUE,FALSE,TRUE,FALSE,FALSE,FALSE,FALSE,FALSE,TRUE,FALSE,FALSE,FALSE,FALSE,FALSE,FALSE,Convicted,Attacked inanimate objects during arguments,FALSE,No evidence,N/A,FALSE,FALSE,FALSE,No evidence,FALSE,TRUE,FALSE
64,FALSE,FALSE,FALSE,FALSE,FALSE,FALSE,FALSE,FALSE,FALSE,FALSE,FALSE,FALSE,FALSE,FALSE,FALSE,FALSE,FALSE,FALSE,FALSE,N/A,No evidence,FALSE,No evidence,N/A,FALSE,FALSE,FALSE,No evidence,FALSE,FALSE,FALSE
65,FALSE,FALSE,FALSE,FALSE,FALSE,FALSE,FALSE,FALSE,FALSE,FALSE,FALSE,FALSE,TRUE,FALSE,FALSE,FALSE,FALSE,FALSE,FALSE,Suspected,No evidence,FALSE,No evidence,N/A,FALSE,FALSE,FALSE,No evidence,FALSE,FALSE,FALSE
66,TRUE,FALSE,FALSE,FALSE,FALSE,FALSE,FALSE,FALSE,FALSE,FALSE,FALSE,FALSE,FALSE,FALSE,FALSE,FALSE,FALSE,FALSE,FALSE,N/A,No evidence,FALSE,No evidence,N/A,FALSE,FALSE,FALSE,No evidence,FALSE,FALSE,FALSE
67,FALSE,FALSE,FALSE,FALSE,FALSE,FALSE,FALSE,FALSE,FALSE,FALSE,FALSE,FALSE,FALSE,FALSE,FALSE,FALSE,FALSE,FALSE,FALSE,N/A,Attacked inanimate objects during arguments,TRUE,No evidence,N/A,FALSE,FALSE,FALSE,No evidence,TRUE,TRUE,FALSE
68,FALSE,TRUE,FALSE,FALSE,FALSE,FALSE,FALSE,FALSE,FALSE,FALSE,FALSE,FALSE,FALSE,FALSE,FALSE,TRUE,FALSE,FALSE,FALSE,Convicted,Attacked inanimate objects during arguments,FALSE,No evidence,N/A,TRUE,FALSE,FALSE,No evidence,TRUE,TRUE,FALSE
69,FALSE,TRUE,FALSE,FALSE,FALSE,FALSE,FALSE,TRUE,FALSE,FALSE,FALSE,FALSE,TRUE,FALSE,TRUE,FALSE,FALSE,FALSE,TRUE,Charged,No evidence,FALSE,No evidence,N/A,FALSE,FALSE,FALSE,No evidence,TRUE,TRUE,TRUE
70,FALSE,TRUE,FALSE,FALSE,FALSE,FALSE,FALSE,FALSE,FALSE,FALSE,TRUE,FALSE,FALSE,FALSE,FALSE,FALSE,FALSE,FALSE,TRUE,Convicted,No evidence,FALSE,Abused romantic partner,,FALSE,FALSE,FALSE,No evidence,FALSE,FALSE,FALSE
71,FALSE,TRUE,FALSE,FALSE,FALSE,FALSE,FALSE,TRUE,FALSE,FALSE,FALSE,FALSE,FALSE,FALSE,FALSE,FALSE,FALSE,FALSE,TRUE,Convicted,Attacked inanimate objects during arguments,FALSE,No evidence,N/A,FALSE,FALSE,FALSE,No evidence,TRUE,TRUE,FALSE
72,TRUE,TRUE,FALSE,FALSE,FALSE,FALSE,FALSE,TRUE,FALSE,FALSE,FALSE,FALSE,FALSE,FALSE,FALSE,FALSE,FALSE,FALSE,TRUE,Convicted,Attacked inanimate objects during arguments,FALSE,No evidence,N/A,FALSE,FALSE,FALSE,No evidence,TRUE,TRUE,FALSE
73,FALSE,TRUE,FALSE,TRUE,FALSE,FALSE,FALSE,TRUE,FALSE,FALSE,FALSE,FALSE,FALSE,FALSE,FALSE,FALSE,FALSE,FALSE,FALSE,Suspected,Attacked inanimate objects during arguments,FALSE,No evidence,N/A,TRUE,FALSE,FALSE,No evidence,FALSE,FALSE,FALSE
74,FALSE,TRUE,TRUE,FALSE,FALSE,FALSE,TRUE,FALSE,FALSE,FALSE,FALSE,FALSE,FALSE,FALSE,FALSE,TRUE,FALSE,FALSE,FALSE,Charged,Attacked inanimate objects during arguments,TRUE,,,TRUE,FALSE,FALSE,No evidence,FALSE,TRUE,FALSE
75,FALSE,TRUE,FALSE,FALSE,FALSE,FALSE,FALSE,FALSE,FALSE,FALSE,FALSE,FALSE,FALSE,FALSE,FALSE,FALSE,TRUE,FALSE,FALSE,Convicted,Physically attacked people,FALSE,Abused other family member(s),,TRUE,FALSE,FALSE,No evidence,FALSE,TRUE,FALSE
76,FALSE,TRUE,FALSE,FALSE,FALSE,FALSE,FALSE,FALSE,FALSE,FALSE,FALSE,FALSE,FALSE,FALSE,FALSE,FALSE,FALSE,TRUE,TRUE,Convicted,Physically attacked people,FALSE,No evidence,N/A,FALSE,FALSE,FALSE,No evidence,FALSE,TRUE,FALSE
77,FALSE,TRUE,FALSE,FALSE,FALSE,TRUE,FALSE,FALSE,FALSE,FALSE,FALSE,FALSE,FALSE,FALSE,FALSE,FALSE,FALSE,FALSE,FALSE,Arrested,No evidence,FALSE,No evidence,N/A,FALSE,FALSE,FALSE,No evidence,FALSE,FALSE,FALSE
78,FALSE,TRUE,TRUE,FALSE,FALSE,FALSE,TRUE,FALSE,FALSE,FALSE,TRUE,FALSE,FALSE,FALSE,FALSE,TRUE,TRUE,FALSE,FALSE,Suspected,Attacked inanimate objects during arguments,FALSE,No evidence,N/A,TRUE,FALSE,FALSE,No evidence,FALSE,FALSE,FALSE
79,FALSE,TRUE,FALSE,FALSE,FALSE,FALSE,FALSE,FALSE,FALSE,FALSE,TRUE,FALSE,FALSE,FALSE,FALSE,FALSE,FALSE,FALSE,FALSE,Arrested,No evidence,FALSE,No evidence,N/A,FALSE,FALSE,FALSE,Hate group community association,FALSE,FALSE,FALSE
80,FALSE,TRUE,FALSE,FALSE,FALSE,FALSE,TRUE,FALSE,FALSE,FALSE,FALSE,FALSE,FALSE,FALSE,FALSE,FALSE,FALSE,FALSE,FALSE,N/A,No evidence,FALSE,No evidence,N/A,FALSE,FALSE,FALSE,No evidence,FALSE,FALSE,FALSE
81,FALSE,TRUE,FALSE,FALSE,FALSE,FALSE,FALSE,FALSE,FALSE,FALSE,TRUE,FALSE,FALSE,FALSE,FALSE,FALSE,FALSE,FALSE,FALSE,Arrested,No evidence,FALSE,Abused romantic partner,Non-sexual physical violence,FALSE,FALSE,FALSE,No evidence,FALSE,FALSE,FALSE
82,FALSE,TRUE,FALSE,FALSE,FALSE,FALSE,FALSE,TRUE,FALSE,FALSE,TRUE,FALSE,FALSE,FALSE,FALSE,TRUE,FALSE,FALSE,FALSE,Convicted,Attacked inanimate objects during arguments,FALSE,Abused other family member(s),Sexual violence,TRUE,FALSE,FALSE,No evidence,FALSE,TRUE,FALSE
83,FALSE,TRUE,FALSE,FALSE,FALSE,FALSE,TRUE,TRUE,FALSE,FALSE,TRUE,FALSE,FALSE,FALSE,FALSE,FALSE,TRUE,TRUE,TRUE,Convicted,No evidence,FALSE,No evidence,N/A,FALSE,FALSE,FALSE,No evidence,FALSE,FALSE,FALSE
84,FALSE,FALSE,FALSE,FALSE,FALSE,FALSE,FALSE,FALSE,FALSE,FALSE,FALSE,FALSE,FALSE,TRUE,FALSE,FALSE,FALSE,FALSE,FALSE,Suspected,No evidence,FALSE,Abused romantic partner,,FALSE,FALSE,FALSE,Inspired by a hate group but no direct connection,FALSE,FALSE,FALSE
85,FALSE,TRUE,FALSE,FALSE,FALSE,FALSE,TRUE,FALSE,FALSE,FALSE,FALSE,FALSE,FALSE,FALSE,FALSE,FALSE,FALSE,FALSE,TRUE,Arrested,No evidence,FALSE,,,FALSE,FALSE,FALSE,No evidence,FALSE,FALSE,FALSE
86,FALSE,TRUE,FALSE,FALSE,FALSE,FALSE,FALSE,FALSE,FALSE,FALSE,FALSE,FALSE,FALSE,FALSE,FALSE,FALSE,FALSE,FALSE,FALSE,N/A,No evidence,FALSE,No evidence,N/A,FALSE,FALSE,FALSE,No evidence,FALSE,FALSE,FALSE
87,FALSE,FALSE,FALSE,FALSE,FALSE,FALSE,FALSE,FALSE,FALSE,FALSE,FALSE,FALSE,FALSE,FALSE,FALSE,FALSE,FALSE,FALSE,FALSE,N/A,No evidence,FALSE,No evidence,N/A,FALSE,FALSE,FALSE,No evidence,FALSE,TRUE,FALSE
88,FALSE,TRUE,FALSE,FALSE,FALSE,TRUE,FALSE,FALSE,FALSE,FALSE,TRUE,FALSE,FALSE,FALSE,TRUE,FALSE,FALSE,TRUE,FALSE,Convicted,Attacked inanimate objects during arguments,FALSE,,,FALSE,FALSE,FALSE,No evidence,FALSE,TRUE,FALSE
89,FALSE,FALSE,FALSE,FALSE,FALSE,FALSE,FALSE,FALSE,FALSE,FALSE,FALSE,FALSE,FALSE,FALSE,FALSE,FALSE,FALSE,FALSE,FALSE,N/A,No evidence,FALSE,No evidence,N/A,FALSE,FALSE,FALSE,No evidence,FALSE,FALSE,FALSE
90,FALSE,FALSE,FALSE,FALSE,FALSE,FALSE,FALSE,FALSE,FALSE,FALSE,FALSE,FALSE,FALSE,FALSE,FALSE,FALSE,FALSE,FALSE,FALSE,N/A,No evidence,FALSE,No evidence,N/A,FALSE,FALSE,FALSE,No evidence,FALSE,FALSE,FALSE
91,FALSE,TRUE,FALSE,FALSE,FALSE,TRUE,FALSE,FALSE,FALSE,FALSE,FALSE,FALSE,FALSE,FALSE,FALSE,FALSE,FALSE,FALSE,TRUE,Arrested,Attacked inanimate objects during arguments,FALSE,Abused romantic partner,,FALSE,FALSE,FALSE,No evidence,FALSE,FALSE,TRUE
92,FALSE,TRUE,FALSE,FALSE,FALSE,FALSE,FALSE,FALSE,FALSE,FALSE,TRUE,FALSE,TRUE,TRUE,FALSE,FALSE,FALSE,FALSE,TRUE,Charged,Attacked inanimate objects during arguments,FALSE,No evidence,N/A,FALSE,FALSE,FALSE,No evidence,FALSE,FALSE,FALSE
93,TRUE,TRUE,FALSE,TRUE,FALSE,FALSE,FALSE,FALSE,FALSE,FALSE,TRUE,FALSE,FALSE,FALSE,FALSE,FALSE,FALSE,FALSE,TRUE,Convicted,Attacked inanimate objects during arguments,FALSE,Abused romantic partner,,TRUE,FALSE,FALSE,No evidence,FALSE,FALSE,TRUE
94,FALSE,FALSE,FALSE,FALSE,FALSE,FALSE,FALSE,FALSE,FALSE,FALSE,FALSE,FALSE,FALSE,FALSE,FALSE,FALSE,FALSE,FALSE,FALSE,N/A,No evidence,FALSE,No evidence,N/A,FALSE,FALSE,FALSE,No evidence,FALSE,FALSE,TRUE
95,FALSE,FALSE,FALSE,FALSE,FALSE,FALSE,FALSE,FALSE,FALSE,FALSE,FALSE,FALSE,FALSE,FALSE,FALSE,FALSE,FALSE,FALSE,FALSE,N/A,No evidence,FALSE,No evidence,N/A,FALSE,FALSE,FALSE,Hate group community association,FALSE,FALSE,TRUE
96,TRUE,FALSE,FALSE,FALSE,FALSE,FALSE,FALSE,FALSE,FALSE,FALSE,FALSE,FALSE,FALSE,FALSE,TRUE,FALSE,FALSE,FALSE,TRUE,Suspected,No evidence,FALSE,No evidence,N/A,FALSE,FALSE,FALSE,No evidence,FALSE,TRUE,FALSE
97,TRUE,FALSE,FALSE,FALSE,FALSE,FALSE,FALSE,FALSE,FALSE,FALSE,FALSE,FALSE,FALSE,FALSE,FALSE,FALSE,FALSE,FALSE,TRUE,Arrested,No evidence,FALSE,No evidence,N/A,FALSE,FALSE,FALSE,No evidence,FALSE,FALSE,FALSE
98,FALSE,TRUE,FALSE,FALSE,FALSE,FALSE,FALSE,FALSE,FALSE,FALSE,TRUE,FALSE,FALSE,FALSE,TRUE,FALSE,FALSE,FALSE,FALSE,Convicted,Attacked inanimate objects during arguments,FALSE,No evidence,N/A,FALSE,FALSE,FALSE,No evidence,TRUE,FALSE,TRUE
99,TRUE,TRUE,FALSE,FALSE,FALSE,TRUE,FALSE,FALSE,FALSE,FALSE,FALSE,FALSE,FALSE,FALSE,FALSE,FALSE,TRUE,FALSE,TRUE,Convicted,No evidence,FALSE,Abused romantic partner,,FALSE,FALSE,FALSE,No evidence,FALSE,FALSE,FALSE
100,FALSE,FALSE,FALSE,FALSE,FALSE,FALSE,FALSE,FALSE,FALSE,FALSE,FALSE,FALSE,FALSE,FALSE,FALSE,TRUE,FALSE,FALSE,FALSE,Suspected,No evidence,FALSE,Abused other family member(s),Sexual violence,TRUE,FALSE,FALSE,No evidence,FALSE,FALSE,FALSE
101,FALSE,TRUE,FALSE,FALSE,FALSE,FALSE,FALSE,TRUE,FALSE,FALSE,TRUE,FALSE,FALSE,FALSE,FALSE,FALSE,FALSE,FALSE,FALSE,Convicted,No evidence,FALSE,No evidence,N/A,FALSE,FALSE,FALSE,No evidence,FALSE,FALSE,TRUE
102,TRUE,FALSE,FALSE,FALSE,FALSE,FALSE,FALSE,FALSE,FALSE,FALSE,FALSE,FALSE,FALSE,FALSE,FALSE,FALSE,FALSE,FALSE,FALSE,N/A,No evidence,FALSE,No evidence,N/A,TRUE,FALSE,FALSE,No evidence,FALSE,FALSE,TRUE
103,TRUE,TRUE,FALSE,FALSE,FALSE,FALSE,FALSE,FALSE,FALSE,FALSE,TRUE,FALSE,FALSE,FALSE,TRUE,FALSE,TRUE,FALSE,TRUE,Convicted,Attacked inanimate objects during arguments,FALSE,Abused other family member(s),Threats / coercive control,FALSE,FALSE,FALSE,No evidence,FALSE,TRUE,FALSE
104,FALSE,FALSE,FALSE,FALSE,FALSE,FALSE,FALSE,FALSE,FALSE,FALSE,FALSE,FALSE,FALSE,FALSE,FALSE,TRUE,FALSE,FALSE,FALSE,N/A,Physically attacked people,FALSE,No evidence,N/A,TRUE,FALSE,FALSE,No evidence,FALSE,FALSE,FALSE
105,TRUE,TRUE,FALSE,FALSE,FALSE,FALSE,FALSE,FALSE,FALSE,FALSE,TRUE,FALSE,FALSE,FALSE,FALSE,FALSE,FALSE,FALSE,TRUE,Convicted,No evidence,FALSE,No evidence,N/A,FALSE,FALSE,FALSE,No evidence,FALSE,FALSE,FALSE
106,FALSE,FALSE,FALSE,FALSE,FALSE,FALSE,FALSE,FALSE,FALSE,FALSE,FALSE,FALSE,FALSE,TRUE,FALSE,FALSE,FALSE,FALSE,TRUE,Suspected,Attacked inanimate objects during arguments,FALSE,Abused other family member(s),,FALSE,FALSE,FALSE,No evidence,TRUE,TRUE,TRUE
107,FALSE,TRUE,FALSE,FALSE,FALSE,FALSE,FALSE,FALSE,FALSE,FALSE,TRUE,FALSE,FALSE,FALSE,FALSE,FALSE,FALSE,FALSE,FALSE,Convicted,No evidence,FALSE,No evidence,N/A,FALSE,FALSE,FALSE,No evidence,FALSE,FALSE,FALSE
108,FALSE,TRUE,FALSE,FALSE,FALSE,FALSE,FALSE,FALSE,FALSE,FALSE,FALSE,FALSE,FALSE,FALSE,FALSE,FALSE,TRUE,TRUE,FALSE,Convicted,Attacked inanimate objects during arguments,FALSE,No evidence,N/A,FALSE,FALSE,FALSE,No evidence,FALSE,FALSE,FALSE
109,TRUE,TRUE,FALSE,FALSE,FALSE,FALSE,FALSE,TRUE,FALSE,FALSE,TRUE,FALSE,FALSE,FALSE,FALSE,FALSE,TRUE,FALSE,TRUE,Convicted,Physically attacked people,FALSE,No evidence,N/A,FALSE,FALSE,FALSE,No evidence,FALSE,FALSE,FALSE
110,FALSE,TRUE,FALSE,FALSE,FALSE,FALSE,FALSE,FALSE,FALSE,FALSE,FALSE,FALSE,FALSE,FALSE,FALSE,FALSE,FALSE,TRUE,FALSE,N/A,No evidence,FALSE,Abused romantic partner,,FALSE,FALSE,FALSE,No evidence,FALSE,TRUE,FALSE
111,FALSE,TRUE,FALSE,FALSE,FALSE,FALSE,FALSE,FALSE,FALSE,FALSE,FALSE,TRUE,FALSE,FALSE,FALSE,FALSE,FALSE,FALSE,TRUE,Arrested,No evidence,FALSE,Abused other family member(s),Non-sexual physical violence,FALSE,FALSE,FALSE,No evidence,FALSE,FALSE,FALSE
112,FALSE,TRUE,FALSE,FALSE,FALSE,FALSE,FALSE,FALSE,FALSE,FALSE,FALSE,FALSE,FALSE,FALSE,FALSE,FALSE,FALSE,FALSE,TRUE,Convicted,No evidence,FALSE,No evidence,N/A,TRUE,FALSE,FALSE,No evidence,FALSE,FALSE,FALSE
113,TRUE,FALSE,FALSE,FALSE,FALSE,FALSE,FALSE,FALSE,FALSE,FALSE,FALSE,FALSE,FALSE,FALSE,FALSE,FALSE,FALSE,FALSE,FALSE,N/A,No evidence,FALSE,No evidence,N/A,FALSE,FALSE,TRUE,Inspired by a hate group but no direct connection,FALSE,FALSE,TRUE
114,TRUE,TRUE,FALSE,TRUE,TRUE,FALSE,TRUE,FALSE,FALSE,FALSE,TRUE,FALSE,FALSE,FALSE,TRUE,FALSE,FALSE,FALSE,TRUE,Convicted,Attacked inanimate objects during arguments,FALSE,,Sexual violence,TRUE,FALSE,FALSE,No evidence,FALSE,FALSE,FALSE
115,FALSE,TRUE,FALSE,FALSE,FALSE,FALSE,FALSE,FALSE,FALSE,FALSE,FALSE,FALSE,FALSE,FALSE,TRUE,FALSE,FALSE,FALSE,FALSE,Charged,No evidence,FALSE,No evidence,N/A,FALSE,FALSE,FALSE,No evidence,FALSE,FALSE,TRUE
116,FALSE,TRUE,FALSE,FALSE,FALSE,TRUE,FALSE,FALSE,FALSE,FALSE,FALSE,FALSE,FALSE,FALSE,FALSE,FALSE,FALSE,FALSE,FALSE,Convicted,No evidence,FALSE,Abused romantic partner,,TRUE,FALSE,FALSE,No evidence,FALSE,FALSE,FALSE
117,FALSE,FALSE,FALSE,FALSE,TRUE,FALSE,FALSE,FALSE,FALSE,FALSE,FALSE,FALSE,FALSE,FALSE,FALSE,FALSE,FALSE,FALSE,FALSE,Suspected,No evidence,FALSE,No evidence,N/A,FALSE,FALSE,FALSE,No evidence,FALSE,FALSE,TRUE
118,FALSE,TRUE,FALSE,FALSE,FALSE,FALSE,FALSE,FALSE,FALSE,FALSE,FALSE,FALSE,FALSE,FALSE,TRUE,FALSE,TRUE,FALSE,FALSE,Arrested,No evidence,FALSE,No evidence,N/A,FALSE,TRUE,FALSE,No evidence,FALSE,FALSE,FALSE
119,FALSE,TRUE,FALSE,TRUE,FALSE,FALSE,FALSE,FALSE,FALSE,FALSE,FALSE,FALSE,FALSE,FALSE,FALSE,TRUE,FALSE,FALSE,FALSE,Convicted,No evidence,FALSE,Abused romantic partner,Threats / coercive control,TRUE,FALSE,FALSE,No evidence,FALSE,TRUE,FALSE
120,TRUE,TRUE,FALSE,FALSE,FALSE,FALSE,FALSE,FALSE,FALSE,FALSE,FALSE,FALSE,FALSE,FALSE,FALSE,FALSE,TRUE,FALSE,TRUE,Convicted,No evidence,FALSE,No evidence,N/A,FALSE,FALSE,FALSE,No evidence,TRUE,FALSE,FALSE
121,TRUE,FALSE,FALSE,FALSE,FALSE,FALSE,FALSE,FALSE,FALSE,FALSE,FALSE,FALSE,FALSE,FALSE,FALSE,FALSE,FALSE,FALSE,FALSE,N/A,No evidence,FALSE,No evidence,N/A,FALSE,FALSE,FALSE,No evidence,FALSE,FALSE,FALSE
122,TRUE,FALSE,FALSE,FALSE,FALSE,FALSE,FALSE,FALSE,FALSE,FALSE,FALSE,FALSE,FALSE,FALSE,FALSE,FALSE,FALSE,FALSE,FALSE,N/A,No evidence,FALSE,No evidence,N/A,FALSE,FALSE,FALSE,No evidence,FALSE,FALSE,FALSE
123,FALSE,TRUE,FALSE,FALSE,FALSE,FALSE,FALSE,FALSE,FALSE,FALSE,TRUE,FALSE,FALSE,FALSE,FALSE,FALSE,FALSE,FALSE,FALSE,Convicted,No evidence,FALSE,,,TRUE,FALSE,FALSE,No evidence,FALSE,FALSE,FALSE
124,FALSE,FALSE,FALSE,FALSE,FALSE,FALSE,FALSE,FALSE,FALSE,FALSE,FALSE,FALSE,FALSE,FALSE,FALSE,FALSE,FALSE,FALSE,FALSE,N/A,Attacked inanimate objects during arguments,FALSE,No evidence,N/A,FALSE,FALSE,FALSE,No evidence,FALSE,FALSE,FALSE
125,FALSE,TRUE,FALSE,FALSE,FALSE,FALSE,FALSE,FALSE,FALSE,FALSE,TRUE,FALSE,FALSE,FALSE,TRUE,FALSE,FALSE,FALSE,TRUE,Charged,Attacked inanimate objects during arguments,FALSE,,Non-sexual physical violence,FALSE,FALSE,FALSE,No evidence,FALSE,TRUE,FALSE
126,FALSE,FALSE,FALSE,FALSE,FALSE,FALSE,FALSE,FALSE,FALSE,FALSE,FALSE,FALSE,FALSE,FALSE,FALSE,FALSE,FALSE,FALSE,FALSE,N/A,No evidence,FALSE,No evidence,N/A,FALSE,FALSE,FALSE,No evidence,TRUE,FALSE,FALSE
127,FALSE,TRUE,FALSE,FALSE,FALSE,FALSE,FALSE,FALSE,FALSE,FALSE,FALSE,FALSE,FALSE,FALSE,FALSE,FALSE,FALSE,TRUE,TRUE,Convicted,Physically attacked people,FALSE,No evidence,N/A,FALSE,TRUE,TRUE,Hate group community association,FALSE,FALSE,FALSE
128,FALSE,TRUE,FALSE,FALSE,FALSE,FALSE,FALSE,FALSE,FALSE,FALSE,FALSE,FALSE,FALSE,FALSE,FALSE,FALSE,FALSE,FALSE,TRUE,Convicted,No evidence,FALSE,No evidence,N/A,FALSE,FALSE,FALSE,No evidence,FALSE,FALSE,FALSE
129,FALSE,FALSE,FALSE,FALSE,FALSE,FALSE,FALSE,FALSE,FALSE,FALSE,FALSE,FALSE,FALSE,FALSE,FALSE,FALSE,FALSE,FALSE,TRUE,Suspected,No evidence,FALSE,No evidence,N/A,FALSE,FALSE,FALSE,No evidence,TRUE,FALSE,TRUE
130,FALSE,TRUE,FALSE,FALSE,FALSE,FALSE,FALSE,FALSE,FALSE,FALSE,FALSE,FALSE,FALSE,FALSE,FALSE,FALSE,FALSE,TRUE,FALSE,N/A,No evidence,FALSE,No evidence,N/A,FALSE,FALSE,FALSE,No evidence,FALSE,FALSE,FALSE
131,FALSE,TRUE,FALSE,FALSE,FALSE,TRUE,FALSE,FALSE,FALSE,FALSE,FALSE,FALSE,FALSE,FALSE,FALSE,FALSE,FALSE,FALSE,TRUE,Convicted,No evidence,FALSE,Abused romantic partner,,TRUE,FALSE,FALSE,No evidence,FALSE,FALSE,FALSE
132,FALSE,TRUE,FALSE,FALSE,FALSE,TRUE,FALSE,FALSE,FALSE,FALSE,FALSE,FALSE,FALSE,FALSE,TRUE,FALSE,FALSE,FALSE,FALSE,Arrested,No evidence,FALSE,Abused other family member(s),,FALSE,FALSE,FALSE,No evidence,FALSE,FALSE,FALSE
133,TRUE,FALSE,FALSE,FALSE,FALSE,FALSE,FALSE,FALSE,FALSE,FALSE,FALSE,FALSE,FALSE,FALSE,FALSE,FALSE,FALSE,FALSE,FALSE,N/A,Attacked inanimate objects during arguments,FALSE,Abused other family member(s),Threats / coercive control,FALSE,FALSE,FALSE,No evidence,FALSE,TRUE,FALSE
134,FALSE,TRUE,FALSE,FALSE,FALSE,FALSE,FALSE,FALSE,FALSE,FALSE,TRUE,FALSE,FALSE,FALSE,TRUE,FALSE,FALSE,FALSE,FALSE,Arrested,Attacked inanimate objects during arguments,FALSE,No evidence,N/A,FALSE,FALSE,FALSE,No evidence,TRUE,FALSE,FALSE
135,FALSE,TRUE,FALSE,FALSE,FALSE,FALSE,FALSE,FALSE,FALSE,FALSE,FALSE,TRUE,FALSE,FALSE,FALSE,FALSE,FALSE,FALSE,FALSE,Suspected,No evidence,FALSE,No evidence,N/A,FALSE,FALSE,FALSE,No evidence,FALSE,TRUE,FALSE
136,TRUE,FALSE,FALSE,FALSE,FALSE,FALSE,FALSE,FALSE,FALSE,FALSE,TRUE,FALSE,FALSE,FALSE,FALSE,FALSE,FALSE,FALSE,FALSE,Suspected,Attacked inanimate objects during arguments,FALSE,No evidence,N/A,FALSE,FALSE,FALSE,Website or chat room postings relating to hate or hate groups,TRUE,FALSE,TRUE
137,FALSE,FALSE,FALSE,FALSE,FALSE,FALSE,FALSE,FALSE,FALSE,FALSE,TRUE,FALSE,FALSE,FALSE,FALSE,FALSE,FALSE,FALSE,FALSE,Suspected,Attacked inanimate objects during arguments,FALSE,Abused romantic partner,Non-sexual physical violence,FALSE,FALSE,FALSE,No evidence,FALSE,FALSE,FALSE
138,FALSE,TRUE,FALSE,FALSE,FALSE,FALSE,FALSE,FALSE,FALSE,FALSE,FALSE,FALSE,FALSE,FALSE,FALSE,FALSE,TRUE,FALSE,TRUE,Convicted,No evidence,FALSE,No evidence,N/A,FALSE,FALSE,TRUE,Website or chat room postings relating to hate or hate groups,FALSE,FALSE,FALSE
139,FALSE,TRUE,FALSE,FALSE,FALSE,FALSE,FALSE,FALSE,FALSE,FALSE,FALSE,FALSE,FALSE,FALSE,FALSE,FALSE,FALSE,TRUE,FALSE,Arrested,No evidence,FALSE,No evidence,N/A,FALSE,FALSE,TRUE,Inspired by a hate group but no direct connection,FALSE,FALSE,FALSE
140,FALSE,TRUE,FALSE,FALSE,FALSE,FALSE,FALSE,FALSE,FALSE,FALSE,TRUE,FALSE,FALSE,FALSE,FALSE,FALSE,FALSE,FALSE,FALSE,Convicted,No evidence,FALSE,Abused other family member(s),Threats with a deadly weapon,FALSE,FALSE,FALSE,Website or chat room postings relating to hate or hate groups,FALSE,FALSE,FALSE
141,FALSE,TRUE,FALSE,FALSE,FALSE,FALSE,FALSE,FALSE,FALSE,FALSE,TRUE,FALSE,FALSE,FALSE,FALSE,FALSE,FALSE,FALSE,FALSE,Arrested,Attacked inanimate objects during arguments,FALSE,,,FALSE,FALSE,FALSE,No evidence,FALSE,TRUE,FALSE
142,FALSE,FALSE,FALSE,FALSE,FALSE,FALSE,FALSE,FALSE,FALSE,FALSE,FALSE,FALSE,FALSE,FALSE,FALSE,FALSE,FALSE,FALSE,FALSE,N/A,No evidence,FALSE,No evidence,N/A,FALSE,FALSE,TRUE,Inspired by a hate group but no direct connection,FALSE,FALSE,FALSE
143,FALSE,FALSE,FALSE,FALSE,FALSE,FALSE,FALSE,FALSE,FALSE,FALSE,FALSE,FALSE,FALSE,FALSE,FALSE,FALSE,FALSE,FALSE,FALSE,N/A,No evidence,FALSE,No evidence,N/A,FALSE,FALSE,TRUE,Inspired by a hate group but no direct connection,FALSE,FALSE,FALSE
144,FALSE,FALSE,FALSE,FALSE,FALSE,FALSE,FALSE,FALSE,FALSE,FALSE,FALSE,FALSE,FALSE,FALSE,FALSE,FALSE,FALSE,FALSE,FALSE,N/A,No evidence,FALSE,No evidence,N/A,FALSE,FALSE,FALSE,No evidence,FALSE,FALSE,FALSE
147,TRUE,TRUE,FALSE,FALSE,FALSE,FALSE,FALSE,FALSE,FALSE,FALSE,TRUE,FALSE,FALSE,FALSE,FALSE,FALSE,FALSE,FALSE,FALSE,Charged,Attacked inanimate objects during arguments,FALSE,Abused romantic partner,,FALSE,FALSE,TRUE,Inspired by a hate group but no direct connection,FALSE,TRUE,TRUE
148,FALSE,FALSE,FALSE,FALSE,FALSE,FALSE,FALSE,FALSE,FALSE,FALSE,FALSE,FALSE,FALSE,FALSE,TRUE,TRUE,TRUE,FALSE,FALSE,Arrested,Physically attacked people,FALSE,No evidence,N/A,TRUE,FALSE,FALSE,Hate group community association,TRUE,FALSE,FALSE
149,FALSE,TRUE,FALSE,TRUE,FALSE,FALSE,FALSE,FALSE,FALSE,FALSE,TRUE,FALSE,FALSE,FALSE,FALSE,TRUE,FALSE,TRUE,FALSE,Convicted,No evidence,TRUE,,,TRUE,FALSE,TRUE,Inspired by a hate group but no direct connection,TRUE,TRUE,FALSE
150,TRUE,TRUE,FALSE,FALSE,FALSE,FALSE,FALSE,FALSE,FALSE,FALSE,TRUE,FALSE,FALSE,FALSE,FALSE,FALSE,FALSE,FALSE,TRUE,Convicted,No evidence,FALSE,Abused romantic partner,Non-sexual physical violence,TRUE,FALSE,FALSE,No evidence,TRUE,FALSE,FALSE
151,FALSE,TRUE,TRUE,FALSE,FALSE,FALSE,FALSE,FALSE,FALSE,FALSE,FALSE,FALSE,FALSE,FALSE,FALSE,FALSE,FALSE,FALSE,FALSE,Charged,Attacked inanimate objects during arguments,FALSE,No evidence,N/A,FALSE,FALSE,FALSE,No evidence,FALSE,FALSE,FALSE
152,TRUE,FALSE,FALSE,FALSE,FALSE,FALSE,FALSE,FALSE,FALSE,FALSE,FALSE,FALSE,FALSE,FALSE,FALSE,FALSE,FALSE,FALSE,FALSE,N/A,No evidence,FALSE,,,FALSE,FALSE,FALSE,No evidence,FALSE,FALSE,FALSE
153,FALSE,TRUE,FALSE,FALSE,FALSE,FALSE,FALSE,FALSE,FALSE,FALSE,TRUE,FALSE,FALSE,FALSE,FALSE,FALSE,FALSE,TRUE,TRUE,Convicted,Attacked inanimate objects during arguments,FALSE,No evidence,N/A,FALSE,FALSE,FALSE,No evidence,FALSE,TRUE,FALSE
154,FALSE,FALSE,FALSE,FALSE,FALSE,FALSE,FALSE,FALSE,FALSE,FALSE,FALSE,FALSE,FALSE,FALSE,FALSE,FALSE,FALSE,FALSE,FALSE,N/A,No evidence,FALSE,Abused romantic partner,Threats / coercive control,TRUE,FALSE,FALSE,No evidence,FALSE,TRUE,FALSE
155,FALSE,TRUE,FALSE,TRUE,FALSE,TRUE,FALSE,FALSE,FALSE,FALSE,TRUE,FALSE,FALSE,FALSE,TRUE,FALSE,FALSE,FALSE,TRUE,Convicted,No evidence,TRUE,,,TRUE,FALSE,FALSE,No evidence,TRUE,FALSE,TRUE
156,TRUE,TRUE,FALSE,FALSE,TRUE,TRUE,FALSE,FALSE,FALSE,FALSE,FALSE,FALSE,FALSE,FALSE,TRUE,FALSE,FALSE,FALSE,TRUE,Charged,No evidence,FALSE,Abused romantic partner,,FALSE,FALSE,FALSE,No evidence,FALSE,TRUE,FALSE
157,FALSE,FALSE,FALSE,FALSE,FALSE,FALSE,FALSE,FALSE,FALSE,FALSE,FALSE,FALSE,FALSE,FALSE,FALSE,FALSE,FALSE,FALSE,FALSE,N/A,No evidence,FALSE,No evidence,N/A,FALSE,FALSE,FALSE,No evidence,FALSE,FALSE,FALSE
158,TRUE,TRUE,FALSE,FALSE,FALSE,FALSE,FALSE,FALSE,FALSE,FALSE,TRUE,FALSE,FALSE,FALSE,FALSE,FALSE,FALSE,FALSE,TRUE,Suspected,Attacked inanimate objects during arguments,TRUE,,,FALSE,FALSE,FALSE,Website or chat room postings relating to hate or hate groups,TRUE,FALSE,TRUE
159,FALSE,TRUE,FALSE,FALSE,FALSE,FALSE,TRUE,FALSE,TRUE,FALSE,FALSE,FALSE,FALSE,FALSE,TRUE,FALSE,FALSE,FALSE,FALSE,Convicted,No evidence,FALSE,No evidence,N/A,FALSE,FALSE,FALSE,No evidence,FALSE,FALSE,FALSE
160,TRUE,TRUE,FALSE,FALSE,FALSE,FALSE,FALSE,FALSE,TRUE,FALSE,FALSE,FALSE,FALSE,FALSE,FALSE,FALSE,FALSE,FALSE,TRUE,Convicted,Attacked inanimate objects during arguments,FALSE,No evidence,N/A,FALSE,FALSE,FALSE,No evidence,TRUE,FALSE,FALSE
161,FALSE,FALSE,FALSE,FALSE,FALSE,FALSE,FALSE,FALSE,FALSE,FALSE,FALSE,FALSE,FALSE,FALSE,FALSE,FALSE,FALSE,FALSE,FALSE,N/A,No evidence,FALSE,No evidence,N/A,FALSE,FALSE,FALSE,No evidence,TRUE,FALSE,TRUE
162,FALSE,TRUE,FALSE,FALSE,FALSE,FALSE,FALSE,FALSE,FALSE,FALSE,FALSE,FALSE,FALSE,FALSE,FALSE,FALSE,FALSE,FALSE,TRUE,Convicted,No evidence,FALSE,Abused romantic partner,Threats / coercive control,FALSE,FALSE,FALSE,No evidence,TRUE,TRUE,TRUE
163,FALSE,FALSE,FALSE,FALSE,FALSE,FALSE,FALSE,FALSE,FALSE,FALSE,FALSE,FALSE,FALSE,FALSE,FALSE,FALSE,FALSE,FALSE,FALSE,N/A,No evidence,FALSE,Abused romantic partner,Threats / coercive control,FALSE,FALSE,FALSE,No evidence,FALSE,FALSE,FALSE
164,FALSE,FALSE,FALSE,FALSE,FALSE,FALSE,FALSE,FALSE,FALSE,FALSE,FALSE,FALSE,FALSE,FALSE,FALSE,FALSE,FALSE,FALSE,FALSE,N/A,No evidence,FALSE,No evidence,N/A,FALSE,FALSE,TRUE,Hate group community association,FALSE,FALSE,FALSE
165,TRUE,FALSE,FALSE,FALSE,FALSE,FALSE,FALSE,FALSE,FALSE,FALSE,FALSE,FALSE,FALSE,FALSE,FALSE,FALSE,FALSE,FALSE,FALSE,N/A,No evidence,FALSE,Abused other family member(s),,TRUE,FALSE,FALSE,No evidence,TRUE,FALSE,FALSE
166,TRUE,FALSE,FALSE,FALSE,FALSE,FALSE,FALSE,FALSE,FALSE,FALSE,FALSE,FALSE,FALSE,FALSE,FALSE,FALSE,FALSE,FALSE,FALSE,N/A,No evidence,FALSE,No evidence,N/A,FALSE,FALSE,FALSE,No evidence,TRUE,FALSE,TRUE
167,TRUE,TRUE,FALSE,FALSE,FALSE,TRUE,FALSE,FALSE,FALSE,FALSE,TRUE,FALSE,FALSE,FALSE,FALSE,FALSE,FALSE,FALSE,TRUE,Convicted,No evidence,FALSE,Abused romantic partner,,FALSE,FALSE,FALSE,No evidence,FALSE,TRUE,FALSE
168,FALSE,FALSE,FALSE,FALSE,FALSE,FALSE,FALSE,FALSE,FALSE,FALSE,FALSE,FALSE,FALSE,FALSE,FALSE,FALSE,FALSE,FALSE,FALSE,N/A,No evidence,FALSE,No evidence,N/A,FALSE,FALSE,FALSE,No evidence,FALSE,FALSE,FALSE
169,FALSE,FALSE,FALSE,FALSE,FALSE,FALSE,FALSE,FALSE,FALSE,FALSE,FALSE,FALSE,FALSE,FALSE,FALSE,FALSE,FALSE,FALSE,FALSE,N/A,No evidence,FALSE,No evidence,N/A,FALSE,FALSE,TRUE,Website or chat room postings relating to hate or hate groups,TRUE,FALSE,TRUE
170,TRUE,TRUE,FALSE,FALSE,FALSE,FALSE,FALSE,FALSE,FALSE,FALSE,TRUE,FALSE,FALSE,FALSE,FALSE,FALSE,FALSE,TRUE,FALSE,Convicted,No evidence,FALSE,Abused romantic partner,Non-sexual physical violence,TRUE,FALSE,FALSE,Hate group community association,FALSE,FALSE,FALSE
171,FALSE,TRUE,FALSE,FALSE,FALSE,FALSE,FALSE,FALSE,FALSE,FALSE,FALSE,FALSE,FALSE,FALSE,FALSE,FALSE,FALSE,FALSE,TRUE,Convicted,Attacked inanimate objects during arguments,TRUE,Abused other family member(s),Threats / coercive control,FALSE,FALSE,FALSE,No evidence,FALSE,FALSE,FALSE
172,FALSE,TRUE,TRUE,FALSE,FALSE,FALSE,FALSE,FALSE,FALSE,FALSE,TRUE,FALSE,FALSE,FALSE,TRUE,FALSE,FALSE,FALSE,TRUE,Convicted,No evidence,FALSE,Abused romantic partner,Threats / coercive control,FALSE,FALSE,FALSE,Hate group community association,FALSE,FALSE,FALSE
173,FALSE,FALSE,TRUE,FALSE,FALSE,FALSE,FALSE,FALSE,FALSE,FALSE,FALSE,FALSE,FALSE,FALSE,FALSE,FALSE,FALSE,FALSE,FALSE,Suspected,No evidence,FALSE,No evidence,N/A,FALSE,FALSE,FALSE,Hate group community association,FALSE,FALSE,FALSE
174,FALSE,TRUE,FALSE,FALSE,FALSE,FALSE,FALSE,FALSE,FALSE,FALSE,TRUE,FALSE,FALSE,FALSE,FALSE,FALSE,FALSE,FALSE,TRUE,Charged,No evidence,FALSE,Abused romantic partner,Non-sexual physical violence,FALSE,FALSE,FALSE,No evidence,FALSE,FALSE,TRUE
175,FALSE,TRUE,FALSE,FALSE,FALSE,FALSE,FALSE,FALSE,FALSE,FALSE,FALSE,FALSE,FALSE,FALSE,FALSE,FALSE,FALSE,FALSE,TRUE,Convicted,No evidence,FALSE,No evidence,N/A,FALSE,FALSE,FALSE,Hate group community association,TRUE,TRUE,FALSE
176,TRUE,TRUE,FALSE,FALSE,FALSE,TRUE,FALSE,TRUE,FALSE,FALSE,FALSE,FALSE,FALSE,FALSE,TRUE,FALSE,TRUE,FALSE,TRUE,Charged,Attacked inanimate objects during arguments,FALSE,Abused romantic partner,Non-sexual physical violence,FALSE,FALSE,FALSE,No evidence,FALSE,FALSE,FALSE
177,FALSE,FALSE,FALSE,FALSE,FALSE,FALSE,FALSE,FALSE,FALSE,FALSE,FALSE,FALSE,FALSE,FALSE,FALSE,FALSE,FALSE,FALSE,FALSE,N/A,No evidence,FALSE,No evidence,N/A,FALSE,FALSE,FALSE,No evidence,FALSE,FALSE,FALSE
178,FALSE,TRUE,FALSE,FALSE,FALSE,FALSE,FALSE,FALSE,FALSE,FALSE,TRUE,FALSE,FALSE,FALSE,FALSE,FALSE,FALSE,FALSE,FALSE,Convicted,Attacked inanimate objects during arguments,FALSE,No evidence,N/A,FALSE,FALSE,FALSE,No evidence,FALSE,FALSE,TRUE
179,FALSE,TRUE,FALSE,FALSE,FALSE,TRUE,FALSE,FALSE,FALSE,FALSE,TRUE,FALSE,FALSE,FALSE,FALSE,FALSE,FALSE,FALSE,TRUE,Convicted,No evidence,FALSE,Abused other family member(s),,FALSE,FALSE,FALSE,No evidence,FALSE,FALSE,FALSE
180,TRUE,TRUE,FALSE,FALSE,FALSE,TRUE,FALSE,FALSE,FALSE,FALSE,TRUE,FALSE,FALSE,FALSE,FALSE,FALSE,FALSE,FALSE,FALSE,Convicted,No evidence,FALSE,Abused romantic partner,,FALSE,FALSE,FALSE,Hate group community association,FALSE,FALSE,FALSE
181,FALSE,TRUE,FALSE,TRUE,FALSE,FALSE,FALSE,FALSE,FALSE,FALSE,FALSE,FALSE,FALSE,FALSE,FALSE,FALSE,FALSE,FALSE,TRUE,Charged,No evidence,FALSE,Abused romantic partner,,TRUE,FALSE,FALSE,No evidence,FALSE,TRUE,FALSE
182,FALSE,FALSE,FALSE,FALSE,FALSE,FALSE,FALSE,FALSE,FALSE,FALSE,FALSE,FALSE,FALSE,FALSE,FALSE,FALSE,FALSE,FALSE,FALSE,N/A,Attacked inanimate objects during arguments,TRUE,No evidence,N/A,FALSE,FALSE,FALSE,No evidence,TRUE,FALSE,FALSE
183,TRUE,,FALSE,FALSE,FALSE,FALSE,FALSE,FALSE,FALSE,FALSE,FALSE,FALSE,FALSE,FALSE,FALSE,FALSE,FALSE,FALSE,TRUE,Arrested,Attacked inanimate objects during arguments,FALSE,Abused romantic partner,Non-sexual physical violence,FALSE,FALSE,FALSE,Hate group community association,FALSE,TRUE,FALSE
184,TRUE,FALSE,FALSE,FALSE,FALSE,FALSE,FALSE,FALSE,FALSE,FALSE,FALSE,FALSE,FALSE,FALSE,FALSE,FALSE,FALSE,FALSE,FALSE,N/A,No evidence,TRUE,No evidence,N/A,FALSE,FALSE,FALSE,Hate group community association,TRUE,FALSE,FALSE
185,FALSE,FALSE,FALSE,FALSE,FALSE,FALSE,FALSE,FALSE,FALSE,FALSE,FALSE,FALSE,FALSE,FALSE,FALSE,FALSE,FALSE,FALSE,FALSE,N/A,Attacked inanimate objects during arguments,TRUE,No evidence,N/A,FALSE,FALSE,FALSE,No evidence,TRUE,TRUE,TRUE
186,FALSE,FALSE,FALSE,FALSE,FALSE,FALSE,FALSE,FALSE,FALSE,FALSE,FALSE,FALSE,FALSE,FALSE,FALSE,FALSE,FALSE,FALSE,FALSE,N/A,No evidence,FALSE,No evidence,N/A,FALSE,FALSE,FALSE,No evidence,FALSE,FALSE,FALSE
187,TRUE,FALSE,FALSE,FALSE,FALSE,FALSE,FALSE,FALSE,FALSE,FALSE,FALSE,FALSE,FALSE,FALSE,FALSE,FALSE,FALSE,FALSE,FALSE,N/A,No evidence,FALSE,No evidence,N/A,FALSE,FALSE,FALSE,Hate group community association,FALSE,FALSE,FALSE
188,FALSE,FALSE,FALSE,FALSE,FALSE,FALSE,FALSE,FALSE,FALSE,FALSE,FALSE,FALSE,FALSE,FALSE,FALSE,FALSE,FALSE,FALSE,FALSE,N/A,No evidence,FALSE,No evidence,N/A,FALSE,FALSE,FALSE,No evidence,FALSE,,
189,TRUE,FALSE,FALSE,FALSE,FALSE,FALSE,FALSE,FALSE,FALSE,FALSE,FALSE,FALSE,FALSE,FALSE,FALSE,FALSE,FALSE,FALSE,FALSE,Arrested,Attacked inanimate objects during arguments,FALSE,Abused other family member(s),Non-sexual physical violence,FALSE,FALSE,FALSE,,,FALSE,TRUE
190,FALSE,FALSE,FALSE,FALSE,FALSE,FALSE,FALSE,FALSE,FALSE,FALSE,FALSE,FALSE,FALSE,FALSE,FALSE,FALSE,FALSE,FALSE,FALSE,N/A,No evidence,FALSE,No evidence,N/A,FALSE,FALSE,FALSE,No evidence,FALSE,FALSE,FALSE
191,TRUE,TRUE,FALSE,FALSE,FALSE,FALSE,FALSE,FALSE,FALSE,FALSE,FALSE,FALSE,FALSE,FALSE,TRUE,FALSE,FALSE,FALSE,FALSE,Arrested,No evidence,FALSE,No evidence,N/A,FALSE,FALSE,FALSE,No evidence,FALSE,FALSE,FALSE
192,FALSE,FALSE,FALSE,FALSE,FALSE,FALSE,FALSE,FALSE,FALSE,FALSE,FALSE,FALSE,FALSE,FALSE,FALSE,FALSE,FALSE,FALSE,FALSE,N/A,Attacked inanimate objects during arguments,FALSE,No evidence,N/A,FALSE,FALSE,FALSE,No evidence,FALSE,FALSE,TRUE
193,FALSE,FALSE,FALSE,FALSE,FALSE,FALSE,FALSE,FALSE,FALSE,FALSE,FALSE,FALSE,FALSE,FALSE,FALSE,FALSE,FALSE,FALSE,FALSE,N/A,No evidence,FALSE,No evidence,N/A,FALSE,FALSE,FALSE,No evidence,FALSE,FALSE,
194,FALSE,FALSE,FALSE,FALSE,FALSE,FALSE,FALSE,FALSE,FALSE,FALSE,FALSE,FALSE,FALSE,FALSE,FALSE,FALSE,FALSE,FALSE,FALSE,N/A,No evidence,FALSE,No evidence,N/A,FALSE,FALSE,FALSE,No evidence,FALSE,FALSE,FALSE
195,FALSE,FALSE,FALSE,FALSE,FALSE,FALSE,FALSE,FALSE,FALSE,FALSE,FALSE,FALSE,FALSE,FALSE,FALSE,FALSE,FALSE,FALSE,FALSE,N/A,No evidence,FALSE,No evidence,N/A,FALSE,FALSE,FALSE,,FALSE,FALSE,FALSE
