CASE #,Recent or Ongoing Stressor,Signs of Being in Crisis,Timeline of Signs of Crisis,Signs of Crisis Expanded,Inability to Perform Daily Tasks,Notably Depressed Mood,Rapid Mood Swings,Unusually Calm or Happy,Increased Agitation,Abusive Behavior,Isolation,Losing Touch with Reality,Paranoia
1,Family issue,TRUE,Months before shooting,"A few months before the shooting, he saw a psychiatrist for anger issues, inability to complete his schoolwork, and difficulty handling his parents' divorce. He mentioned a fantasy about going up on top of the tower and shooting people. The psychiatrist noted his rapid mood swings and overwhelming periods of hostility with little provocation.",TRUE,TRUE,FALSE,TRUE,TRUE,FALSE,FALSE,FALSE,FALSE
2,No evidence,TRUE,Years before shooting,"A few years before the shooting, he became obsessed with famous murderers and alarmed his classmates with his views. His obsession with murderers began after JFK was assassinated - he had been Smith's hero.",FALSE,FALSE,FALSE,FALSE,FALSE,FALSE,TRUE,FALSE,FALSE
3,Employment stressor,TRUE,Months before shooting,"He stopped talking to his friends in the months leading up to the shooting. He only ate canned food because he was paranoid that someone was going to poison him and he thought someone had tapped his telephone line. He felt persecuted by coworkers and bosses, a carpool group which criticized his driving, and his neighbors who he thought burned leaves just to upset him. ",FALSE,FALSE,FALSE,FALSE,TRUE,FALSE,TRUE,TRUE,TRUE
4,Recent break-up,FALSE,,,FALSE,FALSE,FALSE,FALSE,FALSE,FALSE,FALSE,FALSE,FALSE
5,Employment stressor,TRUE,Days before shooting,"""In the days before the shooting, he was paranoid that """"the man"""" was after him and falsely told a cousin that he was distributing arms across the country. He had recently quit his job. Relatives said that he was very affected by racism and had been for years.""",FALSE,FALSE,FALSE,FALSE,TRUE,FALSE,FALSE,TRUE,TRUE
6,Employment stressor,FALSE,,,FALSE,FALSE,FALSE,FALSE,FALSE,FALSE,FALSE,FALSE,FALSE
7,,TRUE,Days before shooting,"A few days before, he had been arrested for filing a false police report on a stolen car and said he would rather die than go back to jail. He didn't have any friends. He had a history of deep depression.",FALSE,TRUE,FALSE,FALSE,FALSE,FALSE,TRUE,FALSE,FALSE
8,Employment stressor,FALSE,,,FALSE,FALSE,FALSE,FALSE,FALSE,FALSE,FALSE,FALSE,FALSE
9,Other,TRUE,Years before shooting,"A few years before the shooting, Essex came home from the Navy remarkably changed. He was filled with hatred for white people, denounced Christianity, and began to drift from place to place. After the shooting, his apartment walls were discovered to be painted with disjointed hateful statements.",FALSE,FALSE,FALSE,TRUE,TRUE,TRUE,TRUE,TRUE,FALSE
10,Employment stressor,TRUE,Weeks before shooting,He quit his job suddenly a few weeks before the shooting and bought a gun. He planned to commit suicide afterwards.,FALSE,TRUE,FALSE,FALSE,FALSE,FALSE,FALSE,FALSE,FALSE
11,,TRUE,Months before shooting,"He had delusional and paranoid beliefs for years before the shooting, which led to his first wife leaving him. Shortly before the shooting, he experienced hallucinations and was convinced that his coworkers were forcing his second wife to star in pornographic films. His wife left him 6 weeks before the shooting. Some of his coworkers were frightened by his angry outbursts.",FALSE,FALSE,FALSE,TRUE,TRUE,TRUE,TRUE,TRUE,TRUE
12,Employment stressor,FALSE,,,FALSE,FALSE,FALSE,FALSE,FALSE,FALSE,FALSE,FALSE,TRUE
13,,TRUE,Weeks before shooting,"He had been despondent in the weeks before the shooting after his wife left him, and had attempted suicide. In the week before the shooting, he did not sleep and abused substances.",TRUE,TRUE,FALSE,FALSE,TRUE,FALSE,TRUE,FALSE,FALSE
14,,TRUE,Years before shooting,"A few years before the shooting, he was discharged from the Marines after 33 days as a recruit. After this, he began to have legal troubles and furious arguments with his parents, whom he lived with. He had some psychiatric treatment and was on probation.",FALSE,FALSE,FALSE,TRUE,TRUE,TRUE,FALSE,FALSE,FALSE
15,No evidence,TRUE,Years before shooting,"A few years before the shooting, he began to have delusions that his family was trying to poison him. He boarded up the doors and windows in his house to ward off evil spirits. In the months before, he also believed his coworkers were trying to poison him.",FALSE,FALSE,FALSE,FALSE,TRUE,FALSE,TRUE,TRUE,TRUE
16,No evidence,FALSE,,,FALSE,FALSE,FALSE,FALSE,FALSE,FALSE,FALSE,FALSE,FALSE
17,,TRUE,Months before shooting,"After being charged with incest, he began to plan for an apocalypse. He charted silver and gold prices, hoarded nonperishable food, applied for Cuban and Soviet citizenship, and assembled an arsenal of weapons. His son feared that if he testified against King, King would kill him.",FALSE,FALSE,FALSE,FALSE,TRUE,FALSE,FALSE,TRUE,TRUE
18,No evidence,TRUE,Weeks before shooting,"""In the weeks before the shooting, he became withdrawn and reclusive. He avoided all social interactions and planned to walk ten hours to get to his father's house. Once at his father's house, he believed """"the enemy"""" was closing in on him and shot his neighbors. His mother had died a few months before.""",TRUE,FALSE,FALSE,FALSE,FALSE,FALSE,TRUE,TRUE,TRUE
19,Employment stressor,FALSE,,,FALSE,FALSE,FALSE,FALSE,FALSE,FALSE,FALSE,FALSE,FALSE
20,No evidence,FALSE,,,FALSE,FALSE,FALSE,FALSE,FALSE,FALSE,FALSE,FALSE,FALSE
21,No evidence,FALSE,,,FALSE,FALSE,FALSE,FALSE,FALSE,FALSE,FALSE,FALSE,FALSE
22,,TRUE,Weeks before shooting,"For the two weeks before the shooting, he had been in a pay dispute with his employers. He had also recently been banned from making deliveries to a certain customer, as they called him a troublemaker. ",FALSE,FALSE,FALSE,FALSE,TRUE,FALSE,FALSE,FALSE,FALSE
23,,TRUE,Years before shooting,"For years, Brown had gone on unhinged rants in his classroom. His wife left him when he wouldn't get psychiatric help and eventually he was suspended from his teaching position. Two days before the shooting, he found out that he was not going to be allowed to return to teaching in the fall. He had delusions of grandeur and was paranoid. The day before the shooting, he argued with repair shop employees over a bill and left muttering threats - he returned the next day and shot them.",TRUE,FALSE,FALSE,TRUE,TRUE,TRUE,TRUE,TRUE,TRUE
24,Employment stressor,FALSE,,,FALSE,FALSE,FALSE,FALSE,TRUE,TRUE,FALSE,FALSE,FALSE
25,,FALSE,,,FALSE,FALSE,FALSE,FALSE,FALSE,FALSE,FALSE,FALSE,FALSE
26,Recent break-up,TRUE,Days before shooting,"He was very upset that his wife had left him, and he abused alcohol. He planned to kill his wife on the night of the shooting. ",FALSE,TRUE,FALSE,FALSE,TRUE,FALSE,TRUE,FALSE,FALSE
27,No evidence,FALSE,,,FALSE,FALSE,FALSE,FALSE,FALSE,FALSE,FALSE,FALSE,FALSE
28,,FALSE,,,FALSE,FALSE,FALSE,FALSE,FALSE,FALSE,FALSE,FALSE,FALSE
29,Employment stressor,TRUE,Days before shooting,He was fired a week before the shooting and called a mental health clinic the day before to request an appointment.,FALSE,FALSE,FALSE,FALSE,TRUE,FALSE,FALSE,FALSE,FALSE
30,Recent break-up,TRUE,Months before shooting,"""His father said he had been """"awfully pressed"""" for the last 2 months. He had been banned from a bar about 2 months before for violence.""",FALSE,TRUE,FALSE,FALSE,TRUE,TRUE,FALSE,FALSE,FALSE
31,Employment stressor,TRUE,Years before shooting,"""He had been under a lot of pressure at work for the last 2 years, with coworkers saying they were expected to do things that """"a human being cannot do for 8 hours a day."""" He was worried about layoffs. He was suspended on the morning of the shooting for talking to his wife and arguing with supervisors.""",FALSE,TRUE,FALSE,FALSE,TRUE,FALSE,FALSE,FALSE,FALSE
32,Employment stressor,TRUE,Years before shooting,"He had long been referred to by his neighbors as “Crazy Pat.” He was inexplicably bad at his job and felt like he was being mistreated. The day before the shooting, he told someone that he had to get out of the post office. ",TRUE,FALSE,FALSE,FALSE,TRUE,FALSE,FALSE,FALSE,TRUE
33,Legal issue,TRUE,Years before shooting,"He had been a reclusive, paranoid, and abusive person for as long as his neighbors could remember. He got very angry at the children of the neighborhood for being near his house and threatened them with his gun. ",FALSE,FALSE,FALSE,TRUE,TRUE,TRUE,TRUE,TRUE,TRUE
34,Legal issue,TRUE,Years before shooting,"He stalked a coworker for over four years, and was fired because he refused to stop. She had applied for a temporary restraining order against him and there was supposed to be a hearing to make it permanent the day after the shooting. ",TRUE,FALSE,FALSE,FALSE,TRUE,TRUE,FALSE,TRUE,FALSE
35,,TRUE,Days before shooting,"""He had been erratic for two days before the shooting - his family attempted to have him committed. He was distraught over his pregnant wife leaving him 2 weeks earlier. He was agitated, paranoid, repeatedly ran into the road to """"moon"""" passing cars, and fired a rifle into the air in the day before the shooting.""",TRUE,TRUE,FALSE,FALSE,TRUE,FALSE,FALSE,TRUE,TRUE
36,No evidence,TRUE,Years before shooting,"He stood on street corners preaching nonsense and doing martial arts demonstrations. He had PTSD from fighting in Vietnam and had been shot in the head a few years before the shooting. The day before the shooting, he was in an unusually good mood and planned to be baptized that weekend. ",FALSE,FALSE,TRUE,TRUE,TRUE,TRUE,TRUE,TRUE,FALSE
37,Employment stressor,TRUE,Years before shooting,He had been abusing drugs and alcohol severely since he was a teenager and had frequently been arrested for small crimes. He told his brother about his desire to massacre people. ,TRUE,FALSE,FALSE,FALSE,TRUE,FALSE,TRUE,FALSE,FALSE
38,Employment stressor,TRUE,Years before shooting,"He asked his managers for assistance with his depression and job-related stress, and was instead forced leave his job a year before the shooting. He threatened to get even with the company. His grandmother died a month earlier. He believed there were conspiracies against him and seemed disoriented in the weeks before the shooting, after his medication had been changed. Without his job, he became isolated and angry.",TRUE,TRUE,FALSE,FALSE,TRUE,TRUE,TRUE,TRUE,TRUE
39,,TRUE,Years before shooting,He changed three years earlier when his mother died and he said he no longer had anything to live for. His wife got a restraining order and his car was repossessed a few months before the shooting. He became isolated from friends.,FALSE,TRUE,FALSE,FALSE,TRUE,TRUE,TRUE,FALSE,FALSE
40,Employment stressor,FALSE,,,FALSE,FALSE,FALSE,FALSE,FALSE,FALSE,FALSE,FALSE,FALSE
41,Employment stressor,TRUE,Months before shooting,"A few months before the shooting, he sent two young female neighbors a letter praising their virtue while denouncing all of the other women in town as vipers seeking his destruction. He was seen screaming at a woman shortly after, and threatened a convenience store clerk because he believed people were going to his house. On the morning of the shooting, he was unusually friendly and calm as he made his customary convenience store breakfast purchase. ",FALSE,FALSE,TRUE,TRUE,TRUE,TRUE,TRUE,TRUE,TRUE
42,Employment stressor,TRUE,Months before shooting,"He had felt pressured in the last few months, after graduating with a PhD but failing to find a job in his field. He felt cheated because another student had won a prestigious department prize. His temper scared people.",FALSE,FALSE,FALSE,TRUE,TRUE,TRUE,TRUE,FALSE,FALSE
43,Recent break-up,TRUE,Months before shooting,"His wife had left him a few months before, and about two months before he admitted himself into a PTSD treatment program. Three weeks before he was involuntarily discharged from the program because he hit or threatened a nurse. His estranged wife thought he might have killed himself a week before the shooting. ",FALSE,TRUE,FALSE,FALSE,TRUE,TRUE,TRUE,FALSE,FALSE
44,Employment stressor,TRUE,Months before shooting,"Six months before the shooting, police revoked his concealed carry permit after they became concerned about his mental stability when investigating reports that he had been threatened. Six days before the shooting, he lost an arbitration hearing, making his firing from the post office final.",FALSE,FALSE,FALSE,FALSE,TRUE,TRUE,FALSE,TRUE,FALSE
45,Recent break-up,TRUE,Weeks before shooting,He was upset about a recent breakup with his girlfriend and the death of his stepfather a few years earlier. ,FALSE,TRUE,FALSE,FALSE,TRUE,FALSE,FALSE,FALSE,FALSE
46,,TRUE,Months before shooting,"He had PTSD after being molested by a high school teacher, which caused him to fail a class required to get a diploma. Three months before, he lost his job due to not having a high school diploma. His girlfriend left him shortly before the shooting. In the two months before the shooting, he began hearing voices and hallucinating. He talked about committing violence with a friend.",FALSE,TRUE,FALSE,FALSE,TRUE,FALSE,FALSE,TRUE,FALSE
47,Economic stressor,TRUE,Days before shooting,"His wages were being garnished to pay for child support. The day before the shooting, he went to the social services office and told them he wasn't the father. A manager told him to get a lawyer and he said if he had to get a lawyer, he would just kill himself.",FALSE,FALSE,FALSE,FALSE,TRUE,FALSE,FALSE,FALSE,FALSE
48,Recent break-up,TRUE,Months before shooting,"He had been called “Crazy Jim” by acquaintances for a long time and felt wronged by many people he met. Six months before the shooting, he was evicted and his wife left him, taking their infant daughter with her. He left a suicide note where he referred to himself as Jesse Cole Younger and damned the American family to hell.",FALSE,TRUE,FALSE,FALSE,TRUE,TRUE,TRUE,TRUE,TRUE
49,Economic stressor,TRUE,Months before shooting,He was bankrupt with liens on his property. Acquaintances noted that he was strange and secretive. A note found after his death revealed paranoia of a conspiracy targeting him. ,FALSE,FALSE,FALSE,FALSE,FALSE,FALSE,TRUE,TRUE,TRUE
50,No evidence,TRUE,Days before shooting,"On the day of the shooting, he drank heavily and seemed strange to his friends. He called his mother crying about the abuse she and his sister faced from his father. His mother was very concerned about him. He went to a party where he was hyperactive, erratic, and told children to shoot and kill Black people. Friends were alarmed by his odd behavior and he told them his sister had been raped by Black men. ",FALSE,FALSE,FALSE,TRUE,TRUE,FALSE,FALSE,TRUE,FALSE
51,Other,TRUE,Weeks before shooting,He had been depressed recently after learning he would need surgery on a knee injury. He was known for not talking to anyone when he was working out in the health club and seemed angry to observers.,FALSE,TRUE,FALSE,FALSE,TRUE,FALSE,TRUE,FALSE,FALSE
52,No evidence,TRUE,Weeks before shooting,"""His cousin noticed that he was """"even more removed"""" than usual at Thanksgiving, a few weeks before the shooting. He had struggled with an inability to get a job for years, becoming isolated and paranoid that the company he had previously worked for was sabotaging his job prospects.""",TRUE,TRUE,FALSE,FALSE,FALSE,FALSE,TRUE,TRUE,TRUE
53,,TRUE,Years before shooting,"He had delusions of grandeur, racial paranoia, and believed he was the victim of a conspiracy. For years he had been obsessed with racism and believed it was the cause of all his failures. A few weeks before the shooting, his landlord told him to move out. In the two weeks before the shooting, his landlord noticed he was uncharacteristically calm and became very concerned that he would kill himself.",FALSE,FALSE,TRUE,TRUE,TRUE,TRUE,TRUE,TRUE,TRUE
54,Employment stressor,TRUE,Months before shooting,"In the two months before the shooting, he stopped eating and sleeping, failed to maintain his personal hygiene, and began committing armed robberies. He was in a hypomanic and delusional state. A week before the shooting, he was fired from his job.",TRUE,FALSE,FALSE,FALSE,TRUE,TRUE,FALSE,TRUE,FALSE
55,Employment stressor,TRUE,Months before shooting,He was forcibly discharged from the Air Force less than a month earlier due to recurring bizarre behavior. He was diagnosed as obsessive and paranoid. His obsessions interfered with his work. ,TRUE,FALSE,FALSE,FALSE,FALSE,FALSE,FALSE,TRUE,TRUE
56,No evidence,FALSE,,,FALSE,FALSE,FALSE,FALSE,FALSE,FALSE,FALSE,FALSE,FALSE
57,Employment stressor,FALSE,,,FALSE,FALSE,FALSE,FALSE,FALSE,FALSE,FALSE,FALSE,FALSE
58,Employment stressor,TRUE,Days before shooting,He had been upset about a recent performance evaluation at work which he felt was unfair. He was afraid he would be fired and thought that he was being picked on by his supervisors.,FALSE,FALSE,FALSE,FALSE,TRUE,FALSE,FALSE,FALSE,FALSE
59,No evidence,TRUE,Years before shooting,"He had been diagnosed with schizophrenia years before the shooting. He had assault convictions and issues with drug use. Before the shooting, he stopped taking his psychiatric medication. He had previously killed someone. He felt like he was the victim of a conspiracy.",TRUE,FALSE,FALSE,FALSE,TRUE,TRUE,FALSE,FALSE,TRUE
60,,TRUE,Days before shooting,"He had been fired a year before and told his neighbors that he felt targeted - he had failed a drug test and believed he was fired due to being Black. The week before the shooting, he lost his new job and his water heater broke. Family members described him as distraught.",FALSE,TRUE,FALSE,FALSE,TRUE,FALSE,FALSE,FALSE,FALSE
61,,FALSE,,,FALSE,FALSE,FALSE,FALSE,FALSE,FALSE,FALSE,FALSE,FALSE
62,Legal issue,TRUE,Years before shooting,He had been fighting against town officials for years over petty things. He fired guns into the air to scare officials off his property and was verbally abusive and threatening to them. He blamed the city officials for his wife’s cancer death. His behavior frightened one town official so much that she started carrying a pistol around with her. ,FALSE,FALSE,FALSE,TRUE,TRUE,TRUE,TRUE,TRUE,FALSE
63,Employment stressor,TRUE,Weeks before shooting,"A few weeks before the shooting, he was fired after a confrontation with his supervisor. He felt like he was a victim of racism and returned to kill the supervisor who fired him as well as people who had gotten jobs he wanted.",FALSE,FALSE,FALSE,FALSE,TRUE,TRUE,FALSE,FALSE,FALSE
64,Employment stressor,TRUE,Months before shooting,"He was angry about being forced out of his business by his partners a few months before the shooting, and particularly disliked one of the partners. He told someone he felt like killing that business partner.",FALSE,FALSE,FALSE,FALSE,TRUE,TRUE,FALSE,FALSE,FALSE
65,Employment stressor,TRUE,Months before shooting,"He felt that he had been unfairly fired for a commonly accepted practice. Friends noticed him becoming embittered and distressed before the shooting. He likely threatened and harassed the boss who fired him. On the day of the shooting, his parents noticed he was pale, agitated, and nervous. He had not told his family that he had been fired or that he had been let go from his new job a week before.",FALSE,TRUE,FALSE,FALSE,TRUE,TRUE,FALSE,FALSE,FALSE
66,,TRUE,Months before shooting,"A coworker noticed that Beck had become withdrawn, moody, and was no longer friendly in the office. Other coworkers noted that he was withdrawn and unfriendly in the week before the shooting. He looked sickly and lost weight. He was fighting to get paid more for the work he was doing and had been on stress-related medical leave for the past four months. He was upset that he had been passed over for a promotion. He had been severely depressed and attempted suicide in the last year.",TRUE,TRUE,FALSE,FALSE,TRUE,FALSE,TRUE,FALSE,FALSE
67,No evidence,FALSE,,,FALSE,FALSE,FALSE,FALSE,FALSE,FALSE,FALSE,FALSE,FALSE
68,Recent break-up,TRUE,Months before shooting,"He was frequently in trouble at school for behavior issues, including occasional violence, and was self-harming. He claimed to be a gang member. He did not seem to have close friends.",FALSE,TRUE,FALSE,TRUE,TRUE,TRUE,TRUE,FALSE,FALSE
69,,TRUE,Years before shooting,"He had issues for years, involving violence, emotional issues, suicidality, poor performance in school, and minor delinquency. The day he shot his parents, he was charged with two felonies for buying a stolen gun in school. He wrote that he could not face telling his parents about the charges so he shot them instead. He also heard voices.",FALSE,TRUE,FALSE,TRUE,TRUE,FALSE,FALSE,TRUE,FALSE
70,,TRUE,Years before shooting,"After being married two years before, he had attempted suicide three times. He was distraught that his wife was leaving him and blamed her for losing his job. He had been involuntarily committed several times in the eight months before the shooting and diagnosed as psychotic and suicidal.",TRUE,TRUE,FALSE,TRUE,TRUE,TRUE,FALSE,TRUE,FALSE
71,No evidence,TRUE,Years before shooting,"In the year before the shooting, his personality changed. He was depressed, short-tempered and withdrawn from family, and got into trouble at school for the first time in his life. He was arrested for breaking into a van and stealing equipment, and got uncharacteristically angry at his mother. He turned in school assignments with violent imagery. He went to counseling and seemed to be doing better.",FALSE,TRUE,FALSE,TRUE,TRUE,TRUE,TRUE,FALSE,FALSE
72,Other,TRUE,Years before shooting,"A year before the shooting, he got arrested for breaking into a van. His parents put him on antidepressants and had him see a therapist. He began to express violent thoughts in school projects and to his friends, and got into trouble for creating a website threatening his classmate. He enjoyed making bombs. Five days before the shooting, he found out he could not join the Marines due to his antidepressant use, which was crushing to him.",FALSE,TRUE,FALSE,TRUE,TRUE,TRUE,FALSE,FALSE,FALSE
73,,TRUE,Weeks before shooting,"""On the day of the shooting, he seemed agitated and a little bit more sarcastic to his former boss. He had been fired a few weeks earlier after missing shifts and """"acting differently.""""""",TRUE,FALSE,FALSE,FALSE,TRUE,FALSE,FALSE,FALSE,FALSE
74,,TRUE,Years before shooting,"He had been paranoid for 14 years - he used to tape his employees’ phone calls because he thought they were talking about him. He had always been abusive and was the only suspect in the murder of his first wife and mother-in-law. A few months before the shooting, he was upset so he killed his daughter’s cat to make himself feel better. In the days leading up to the shooting he was depressed, had lost large amounts of money, and changed his will twice.",FALSE,TRUE,FALSE,TRUE,TRUE,TRUE,TRUE,FALSE,TRUE
75,,TRUE,Months before shooting,"His father died a few months before the shooting, and Ashbrook began taking his leftover prescription medications. He destroyed his house before the shooting - punching holes in walls, pouring cement into toilets, etc. He sent a letter to a local newspaper where he described a CIA conspiracy, fears that he was a murder suspect, and beliefs that police were drugging him. Before this, he had always been known to neighbors as scary, abused his father, and had been arrested for drug charges. ",TRUE,FALSE,FALSE,FALSE,TRUE,TRUE,TRUE,TRUE,TRUE
76,Employment stressor,TRUE,Years before shooting,"He felt like he was being poked by someone, sometimes all day long, for years before the shooting. He was paranoid and believed that his coworkers had killed his pet fish and were sabotaging his work. He was afraid he would lose his job if he couldn't master a new training. He saw dark shadows when trying to sleep. He heard voices and threatened his coworkers.",TRUE,FALSE,FALSE,FALSE,TRUE,TRUE,TRUE,TRUE,TRUE
77,No evidence,FALSE,,,FALSE,FALSE,FALSE,FALSE,FALSE,FALSE,FALSE,FALSE,FALSE
78,Employment stressor,FALSE,,,FALSE,FALSE,FALSE,FALSE,FALSE,FALSE,FALSE,FALSE,FALSE
79,No evidence,TRUE,Years before shooting,"""He had been mentally ill for seven years before the shooting, and was diagnosed with """"delusional disorder of the persecutional type."""" He believed his face was badly scarred, that the FBI was monitoring him, and that he was harassed by strangers on a trip abroad. He lived with his parents and was unable to function in a job.""",TRUE,FALSE,FALSE,FALSE,TRUE,TRUE,TRUE,TRUE,TRUE
80,,TRUE,Weeks before shooting,"Less than two weeks before the shooting, he was informed that his paychecks would be garnished by the IRS. This was very upsetting to him and he insisted he would not give them any money. A few days before the shooting he was informed that his car would be repossessed. He then had three coworkers witness the signing of his will. The day before the shooting was Christmas, and his family did not see any signs of trouble. On the morning of the shooting, he seemed friendly and normal. He claimed to have had a psychotic break where he believed he was being time-traveled back to Nazi Germany to kill Hitler, instead of his coworkers.",FALSE,FALSE,FALSE,FALSE,TRUE,FALSE,FALSE,TRUE,FALSE
81,,TRUE,Weeks before shooting,"In the weeks leading up to the shooting, acquaintances noticed Park acting erratically. He believed his wife was having an affair with the supplier for their store, and accused the supplier of wrecking his business. Friends thought that these accusations were unfounded and were just the result of mental problems.",FALSE,FALSE,FALSE,TRUE,TRUE,FALSE,FALSE,FALSE,TRUE
82,,FALSE,,,FALSE,FALSE,FALSE,FALSE,FALSE,FALSE,FALSE,FALSE,FALSE
83,No evidence,TRUE,Years before shooting,He had been in and out of psychiatric hospitals for schizophrenia for 20 years. He had a recurring delusion that he was Michael the Archangel and he was on a mission to rid the world of wicked people. He was witnessed doing other bizarre things indicative of psychosis shortly before the shooting.,TRUE,FALSE,FALSE,FALSE,FALSE,FALSE,FALSE,TRUE,TRUE
84,,TRUE,Days before shooting,"Two days before the shooting, he was suspended from his job after his ex-girlfriend and coworker reported that he had bashed in the front of her car with an axe after she broke up with him. After being suspended, he threatened violence, and his supervisors were so concerned by the threats that they notified the FBI. ",FALSE,FALSE,FALSE,TRUE,TRUE,TRUE,FALSE,FALSE,FALSE
85,Employment stressor,TRUE,Years before shooting,"He had always been known to throw tantrums at work and to fight with coworkers. Shortly before the shooting, he was afraid he would lose his job. 34 years before, he had planned to kidnap his child and commit a mass shooting from a clock tower.",FALSE,FALSE,FALSE,TRUE,TRUE,TRUE,FALSE,FALSE,FALSE
86,Employment stressor,TRUE,Years before shooting,"He was described as “very unstable” and a “strange guy.” He had been committed several years before. Immediately before the shooting, he got into an argument over $20 and a CD player. He was unemployed and seeking a job.",FALSE,FALSE,FALSE,TRUE,TRUE,TRUE,FALSE,FALSE,FALSE
87,No evidence,TRUE,Years before shooting,"He had been threatening violence for years, particularly aimed at Black people. He was known to have anger management issues. He felt like everybody was against him and that he was ignored when he asked for help from his supervisors.",FALSE,TRUE,FALSE,FALSE,TRUE,TRUE,FALSE,FALSE,TRUE
88,Employment stressor,TRUE,Years before shooting,"""A year before the shooting, his behavior changed dramatically for the worse. Six months later, he was fired for """"ten different reasons,"""" including inconsistently showing up to work. In the six months before the shooting, he would call his old workplace and leave drunken ramblings on their answering machines. He had threatened at least one of his former bosses.""",TRUE,FALSE,FALSE,FALSE,TRUE,TRUE,FALSE,FALSE,FALSE
89,,TRUE,Weeks before shooting,"He had gotten noticeably more depressed weeks before the shooting. He had a drinking problem, lost his job, and was homeless and living in a camper. His girlfriend's father was worried about him and told Reeves to get some help, and had been especially worried that Reeves would do something irrational on the day of the shooting.",TRUE,TRUE,FALSE,FALSE,TRUE,FALSE,TRUE,FALSE,FALSE
90,No evidence,FALSE,,,FALSE,FALSE,FALSE,FALSE,FALSE,FALSE,FALSE,FALSE,FALSE
91,Economic stressor,TRUE,Months before shooting,"In the months before the shooting, his family faced money troubles and he became exhausted and depressed working two jobs. The night before the shooting, his son noticed that his father seemed dull and sad. ",FALSE,TRUE,FALSE,FALSE,FALSE,FALSE,FALSE,FALSE,FALSE
92,Employment stressor,TRUE,Months before shooting,"Eight months before the shootings, his friends noticed bizarre behavior and began to distance themselves from him. He believed that his favorite band, Pantera, had stolen song lyrics from him, talked about killing people, said that God told him to kill Marilyn Manson, petted an imaginary dog, and stared at walls while talking to himself. About a year before, he had been discharged early from the Marines after being diagnosed with schizophrenia.",TRUE,FALSE,FALSE,TRUE,TRUE,TRUE,TRUE,TRUE,TRUE
93,,FALSE,,,FALSE,FALSE,FALSE,FALSE,FALSE,TRUE,FALSE,FALSE,FALSE
94,Employment stressor,TRUE,Weeks before shooting,"In the weeks before the shooting, he had been noticeably depressed and had uncharacteristically walked out of a sermon at church. He seemed angry at the church's teachings and prediction of an upcoming apocalypse. His temp job was coming to an end soon.",FALSE,TRUE,FALSE,TRUE,TRUE,FALSE,TRUE,FALSE,FALSE
95,Other,TRUE,Years before shooting,"""For several years before the shooting, he self-harmed, wrote and posted violent stories on writing websites, threatened to kill himself, and mostly only interacted with people on the internet. Shortly before the shooting, he was switched from attending classes to studying at home with a teacher to help with his """"issues."""" """,TRUE,TRUE,FALSE,FALSE,TRUE,TRUE,TRUE,FALSE,FALSE
96,No evidence,TRUE,Months before shooting,"For several years, he had been abrasive and occasionally threatened his neighbors with obscenities and guns. Six months before the shooting, he became very reclusive and hardly ever left his house.",FALSE,FALSE,FALSE,FALSE,FALSE,TRUE,TRUE,FALSE,FALSE
97,No evidence,TRUE,Years before shooting,"A few years before the shooting, she was given early retirement due to her psychosis. She talked to imaginary people, took her clothes off in public, had bizarre business ideas, and had to be carried out of the post office by police officers once.",TRUE,FALSE,FALSE,TRUE,TRUE,FALSE,FALSE,TRUE,FALSE
98,No evidence,TRUE,Months before shooting,"""His brother noticed that he withdrew from life in the months before the shooting. He did not have friends or a steady job in Seattle. He became obsessed with rave culture and delusionally believed it was """"raping"""" him.""",FALSE,FALSE,FALSE,FALSE,FALSE,FALSE,TRUE,TRUE,FALSE
99,Recent break-up,TRUE,Years before shooting,He had been abusive to his romantic partners for decades. His wife had just left him.,FALSE,TRUE,FALSE,FALSE,TRUE,TRUE,TRUE,FALSE,FALSE
100,No evidence,TRUE,Years before shooting," The morning of the shooting, he walked his kids to the bus, which was unusual, and had them come back to give him an extra hug. Right before the shooting, he called his wife to say goodbye. He had periodic bouts of depression for twenty years following the death of his firstborn child shortly after she was born. He had always been a bit isolated and not particularly social. In the week before the shooting he actually seemed unusually comfortable in social situations where he was normally awkward. ",FALSE,TRUE,TRUE,FALSE,FALSE,FALSE,FALSE,FALSE,FALSE
101,No evidence,FALSE,,,FALSE,FALSE,FALSE,FALSE,FALSE,FALSE,FALSE,FALSE,FALSE
102,No evidence,TRUE,Years before shooting,"About a year and a half before the shooting, teachers and classmates began to worry about his mental health and stability. He displayed violent behaviors and writings, refused to speak in class, told his roommates about his supermodel alien girlfriend, threatened suicide, and stalked several female classmates. Five months before, he was court-ordered to get outpatient mental health treatment.",TRUE,TRUE,FALSE,FALSE,TRUE,TRUE,TRUE,TRUE,FALSE
103,,TRUE,Years before shooting,"He had been in and out of mental hospitals since he was four. He had anger issues, threatened violence against his stepmother, and was severely depressed. His parents gave up custody of him to the state when their insurance would not pay for any more treatment. In the days before the shooting, he lost his job at McDonald’s and broke up with a girlfriend. The night before the shooting, his mother had dinner with him and claimed to sense that something was wrong with him. ",TRUE,TRUE,FALSE,TRUE,TRUE,TRUE,TRUE,FALSE,FALSE
104,Employment stressor,TRUE,Weeks before shooting,"In the weeks leading up to the shooting, he sent hate mail to the Youth With a Mission center, where he had years before been removed from a mission trip program over concerns about his mental health. He had recently lost his job. He had always been socially awkward with a bad temper.",FALSE,FALSE,FALSE,FALSE,TRUE,TRUE,FALSE,FALSE,FALSE
105,,TRUE,Years before shooting,"He fought against the city government for 8 years, allowing his anger to consume his whole life. He protested outside of buildings and disrupted city council meetings. He had thousands of dollars in fines which the city were prepared to waive if he just stopped bothering them. He filed a civil rights lawsuit against the city and lost a few days before the shooting - it had been his last hope. He had massive debts and had previously become extremely angry and shoved someone who asked him to stop protesting. A few days before the shooting, he seemed depressed.",FALSE,TRUE,FALSE,TRUE,TRUE,TRUE,FALSE,TRUE,FALSE
106,Employment stressor,TRUE,Years before shooting,"In the 18 months before the shooting, his mother died, he lost his job, and he transferred out of the NIU program he loved after his major was deemphasized. He became isolated from the only place he had ever felt accepted when he was reprimanded for an inappropriate post on an NIU message board. Three weeks before the shooting, he stopped taking his antidepressant medication because it made him feel like a zombie.",TRUE,TRUE,FALSE,FALSE,TRUE,TRUE,TRUE,FALSE,FALSE
107,No evidence,TRUE,Years before shooting,"He was diagnosed with paranoid schizophrenia 10 years before the shootings. He had stopped taking his medication three months before the shooting. He believed the victims were Mafia members planning to kill him. Immediately before the shooting, he called his family’s lawyer and asked if he would defend Leeds if he had to do something to defend himself.",FALSE,FALSE,FALSE,FALSE,TRUE,FALSE,FALSE,TRUE,TRUE
108,Employment stressor,TRUE,Days before shooting,"On the day of the shooting, his supervisor reprimanded him for using his phone at work. He called his girlfriend and threatened to kill the supervisor. He hit a coworker while they were on a break, causing his supervisor to reprimand him again. He believed he would be fired.",FALSE,FALSE,FALSE,TRUE,TRUE,TRUE,FALSE,FALSE,FALSE
109,Family issue,TRUE,Years before shooting,"He had serious mental health issues for over a decade before the shooting, and his mother tried repeatedly to get help for him. He was under community supervision for petty crimes. A week before the shooting, his parents had told him he couldn’t sleep in their home anymore. Three days before the shooting, he agreed to get a mental health evaluation for the first time. After the shooting, he claimed that God had told him to kill evil.",TRUE,FALSE,TRUE,TRUE,TRUE,TRUE,TRUE,TRUE,FALSE
110,Recent break-up,TRUE,Weeks before shooting,His wife left him a few weeks before the shooting. She noted that he was in an unstable mental state after she left and she believed he would try to kill her. He had threatened her with a gun a week before the shooting. ,FALSE,FALSE,FALSE,FALSE,TRUE,TRUE,FALSE,FALSE,FALSE
111,Employment stressor,TRUE,Weeks before shooting,"A letter found after the shooting detailed his paranoid beliefs about being the target of a police conspiracy. He had always been quiet but became more so in the two weeks before the shooting - he stopped eating dinner and watching TV, and would rarely leave his bedroom. ",TRUE,FALSE,FALSE,FALSE,FALSE,FALSE,TRUE,TRUE,TRUE
112,No evidence,FALSE,,,FALSE,FALSE,FALSE,FALSE,FALSE,FALSE,FALSE,FALSE,FALSE
113,Employment stressor,TRUE,Months before shooting,"In the months before the shooting, he was vocal about his opposition to US military actions and was distressed about his upcoming deployment to Afghanistan. He openly struggled between the duties of his military job and his religion.",FALSE,FALSE,FALSE,FALSE,TRUE,FALSE,FALSE,FALSE,FALSE
114,,TRUE,Months before shooting,"About six months before the shooting, he became delusional, assaulted police officers, and sexually assaulted his stepdaughter. He believed that he was Jesus Christ, that he had been cursed, that his wife could get $37 billion from an online church, and that he could fly and would save the world. He thought the criminal justice system was conspiring against him.",FALSE,FALSE,FALSE,FALSE,TRUE,TRUE,FALSE,TRUE,TRUE
115,No evidence,FALSE,,,FALSE,FALSE,FALSE,FALSE,FALSE,FALSE,FALSE,FALSE,FALSE
116,Recent break-up,TRUE,Weeks before shooting,"His wife left him two weeks before the shooting. He appeared distressed about it to neighbors, lost weight, was agitated and had trouble spending time in their apartment. The day before the shooting, he let his pet pigeons go and cleaned out their apartment.",TRUE,TRUE,FALSE,FALSE,TRUE,FALSE,FALSE,FALSE,FALSE
117,Employment stressor,TRUE,Days before shooting,"His girlfriend could tell something was wrong on the day of the shooting, and said he had a dazed and confused look on his face. He repeatedly told her everything was okay. When he got to work he was shown video evidence of his theft from the company and was forced to resign.",FALSE,TRUE,FALSE,FALSE,TRUE,FALSE,FALSE,FALSE,FALSE
118,No evidence,FALSE,,,FALSE,FALSE,FALSE,FALSE,FALSE,FALSE,FALSE,FALSE,FALSE
119,Other,TRUE,Months before shooting,He had become more hostile to neighbors in recent months and was going to be evicted. ,FALSE,FALSE,FALSE,TRUE,TRUE,TRUE,FALSE,FALSE,FALSE
120,Other,TRUE,Years before shooting,"Several years before the shooting, he changed dramatically as he became enthralled in delusions and conspiracy theories. He was suspended from college, lost his friends, challenged basic facts and societal norms, and scared his teachers and classmates. He had a short temper and was very erratic. ",TRUE,FALSE,FALSE,TRUE,TRUE,TRUE,TRUE,TRUE,TRUE
121,Employment stressor,TRUE,Days before shooting,"In the days before the shooting, he had been depressed and had trouble sleeping. He was grieving the loss of a family member. He had unusual behaviors, like removing all of the batteries from the clocks in his house because the ticking sound bothered him. ",FALSE,TRUE,FALSE,FALSE,TRUE,FALSE,FALSE,TRUE,FALSE
122,No evidence,TRUE,Months before shooting,He feared that demons were after him. He talked to a priest about it and said that the voices were telling him to do bad things. ,FALSE,FALSE,FALSE,FALSE,TRUE,FALSE,FALSE,TRUE,TRUE
123,,TRUE,Months before shooting,He had anger issues and was violent towards his wife. He and his wife were getting divorced and were locked in a bitter custody battle. He threatened to kill his wife and held a gun to her head.,FALSE,FALSE,FALSE,TRUE,TRUE,TRUE,FALSE,FALSE,FALSE
124,,TRUE,Months before shooting,"He believed that the administrators of the college he attended were conspiring against him and having him bugged and followed. He dropped out of school. He had debt from old unpaid rent, and he was angry that the university would not refund his tuition. He was withdrawn and felt that other students had made fun of his poor English, though that was unlikely since most of them were not native speakers.",FALSE,FALSE,FALSE,FALSE,TRUE,FALSE,TRUE,TRUE,TRUE
125,No evidence,TRUE,Days before shooting,"He had been argumentative and angry for years, but it had gotten noticeably worse shortly before the shooting. He was asked to leave a café due to belligerent behavior in front of elderly customers a week before, and when he went back he was again asked to leave and then began shooting. People did not want to associate with him due to his odd behavior. He told his girlfriend that he was a married father of six and others that he was on a CIA death squad. On the morning of the shooting he was in an unusually good mood.",FALSE,FALSE,TRUE,TRUE,TRUE,TRUE,FALSE,TRUE,FALSE
126,,TRUE,Months before shooting,"Two weeks before the shooting, he told a fellow grad student that he was bad news and mentioned dysphoric mania. In the months before, he had stopped smiling and joking in class. He told a classmate that he wanted to kill people when his life was over. He suddenly quit the graduate program after doing very poorly on his oral exams. He thought that he could add to the value of his own life by killing others. He told a psychiatrist that he was thinking about killing people.",TRUE,TRUE,FALSE,FALSE,FALSE,FALSE,TRUE,TRUE,FALSE
127,,FALSE,,,FALSE,FALSE,FALSE,FALSE,FALSE,FALSE,FALSE,FALSE,FALSE
128,Employment stressor,TRUE,Years before shooting,"He was depressed and paranoid for several years before the shooting, and had delusions and hallucinations that people were following him. He stopped speaking to his parents two years before the shooting. Immediately before the shooting, he was fired for chronic tardiness. ",TRUE,TRUE,FALSE,FALSE,TRUE,FALSE,TRUE,TRUE,TRUE
129,Family issue,TRUE,Years before shooting,"He had crippling social and emotional disabilities. He became obsessed with mass murderers and discussed them online. In the years leading up to the shooting, he blacked out the windows in his room and would only communicate with his mother through email. He was malnourished to the point of possible brain damage. His mother was planning for them to move and the prospect was very stressful for him. ",TRUE,TRUE,FALSE,FALSE,FALSE,FALSE,TRUE,TRUE,FALSE
130,Economic stressor,TRUE,Years before shooting,He had always been isolated and socially withdrawn. An old boss saw him three months before the shooting and was surprised when Myers would not even engage in conversation. His family had not had contact with him in years. He was in debt and being harassed by debt collectors.,FALSE,FALSE,FALSE,FALSE,FALSE,FALSE,TRUE,FALSE,FALSE
131,No evidence,TRUE,Years before shooting,"As a teenager, he shot his ex-girlfriend with a BB gun. He had anger issues for years and had been abusive to his partners. ",FALSE,FALSE,FALSE,TRUE,FALSE,TRUE,FALSE,FALSE,FALSE
132,Family issue,TRUE,Years before shooting,"Years before, he was given psychiatric treatment after looking up assault weapons in school. He told friends he wanted to hurt people. Neighbors often heard him screaming and cursing. ",FALSE,FALSE,FALSE,TRUE,TRUE,TRUE,TRUE,FALSE,FALSE
133,,TRUE,Days before shooting,"Three days before the shooting, he was deposed in a lawsuit because he had been sending abusive emails to former coworkers. He admitted to sending them and apologized hours before the shooting. He then called 911 to report that he was being targeted and that an attorney was casting witchcraft on him. His mother also called 911 and said he needed a psychological exam. In the days before the shooting, he withdrew from a neighbor who he was usually friendly with.",FALSE,FALSE,FALSE,FALSE,TRUE,TRUE,TRUE,TRUE,TRUE
134,,TRUE,Months before shooting,"In the months leading up to the shooting, he withdrew from his friends, had insomnia, damaged his friend's car by putting sugar in the gas tank, and was noticeably depressed. He called police to report that he was hearing voices from the ceiling of his hotel room, that he was being followed by three people, that they were using a microwave machine to send vibrations to control him, and they prevented him from falling asleep. He sought help at the VA hospital and reported that he was still being followed by people who wanted to hurt him.",FALSE,TRUE,FALSE,FALSE,TRUE,TRUE,TRUE,TRUE,TRUE
135,,TRUE,Months before shooting,"She was being investigated for the embezzlement of federal grant money intended for the tribe. She had recently been replaced as chairwoman by her brother. On the day of the shooting, the tribal council was holding a hearing to evict her from her house on tribal land, a very serious punishment. A neighbor said she had always been a bully.",FALSE,FALSE,FALSE,FALSE,TRUE,FALSE,TRUE,FALSE,FALSE
136,No evidence,TRUE,Years before shooting,"His moods were volatile, and he attacked people for minor slights (like splashing his coffee on a pair of women who did not smile at him). He posted videos online that concerned his mother and caused police to perform a wellness check. He had always been withdrawn and friendless. He believed that he was perfect and deserved to have a beautiful girlfriend and that women as a whole conspired against him to make him miserable. He had delusions of grandeur.",FALSE,TRUE,FALSE,TRUE,TRUE,TRUE,TRUE,TRUE,TRUE
137,Recent break-up,TRUE,Weeks before shooting,"He got in a fistfight at homecoming when another student insulted Native Americans. He broke up with his girlfriend that weekend, who said he had a shorter fuse with her than was normal, and sent her many suicidal texts afterwards. He had trouble adjusting to high school and was not participating in classes. His Twitter posts were also of a distraught and suicidal nature. His friends noticed rapid mood swings. ",TRUE,TRUE,FALSE,TRUE,TRUE,TRUE,FALSE,FALSE,FALSE
138,,TRUE,Months before shooting,"A friend hid his gun one night when a very drunk Roof boasted about plans to start a race war. A few months before the shooting, he was arrested for possession of Suboxone and banned from the local mall. Friends heard him making racist comments. He documented his new beliefs in racial conspiracy theories.",FALSE,FALSE,FALSE,FALSE,TRUE,FALSE,TRUE,TRUE,TRUE
139,Legal issue,TRUE,Days before shooting,Friends noticed a downward spiral in the three days before the shooting. He was upset about a recent DUI arrest and felt very conflicted about his drug use and his religion. He had been depressed and suicidal for awhile. ,FALSE,TRUE,FALSE,FALSE,TRUE,FALSE,FALSE,FALSE,FALSE
140,No evidence,TRUE,Years before shooting,"He had periods of intense anger his entire life, sometimes threatening his mother with a gun. He was withdrawn and quiet with no friends. Shortly before the shooting, he wrote a manifesto talking about how he had always been the most hated person in the world and how he admired Elliot Rodger. In the month before the shooting, he began urinating in a bucket in his bedroom instead of using the bathroom. ",TRUE,FALSE,FALSE,TRUE,TRUE,TRUE,TRUE,TRUE,FALSE
141,Other,TRUE,Months before shooting,"""He was arrested for assaulting someone at a gas station a week before the shooting. Neighbors knew him to be moody and drink until he passed out. He was upset about the sale of """"his"""" family land to the victims of the shooting, which happened 3 months before the shooting.""",FALSE,FALSE,FALSE,TRUE,TRUE,TRUE,TRUE,FALSE,FALSE
142,No evidence,FALSE,,,FALSE,FALSE,FALSE,FALSE,FALSE,FALSE,FALSE,FALSE,FALSE
143,No evidence,FALSE,,,FALSE,FALSE,FALSE,FALSE,FALSE,FALSE,FALSE,FALSE,FALSE
144,No evidence,TRUE,Days before shooting,His wife noticed that he had been depressed in the days leading up to the shooting.,FALSE,TRUE,FALSE,FALSE,TRUE,FALSE,FALSE,FALSE,FALSE
147,No evidence,TRUE,Weeks before shooting,"He spent thousands of dollars in the weeks leading up to the shooting, became angry at his wife, and left the house carrying a bag of guns two days before the shooting.",FALSE,FALSE,FALSE,TRUE,TRUE,TRUE,FALSE,FALSE,FALSE
148,Other,TRUE,Days before shooting,"""A week before the shooting, he began ranting about how white police officers were carrying out a genocide on Black people. He told a friend that it was """"getting out of hand."""" """,FALSE,FALSE,FALSE,FALSE,TRUE,FALSE,FALSE,FALSE,FALSE
149,,TRUE,Years before shooting,"He had always been angry, volatile, and occasionally violent. He was getting court-ordered mental health treatment. He had assaulted his stepfather and ex-girlfriends and was not allowed to walk at his high school graduation due to sexually harassing and touching his classmates. ",TRUE,FALSE,FALSE,TRUE,TRUE,TRUE,TRUE,FALSE,FALSE
150,,TRUE,Months before shooting,"A few months before the shooting, shortly after his son was born, he told the FBI that he was being mind-controlled into joining the Islamic State. A month before, relatives noticed that he changed, and said he lost his mind and was hallucinating. ",FALSE,FALSE,FALSE,FALSE,FALSE,FALSE,FALSE,TRUE,TRUE
151,No evidence,FALSE,,,FALSE,FALSE,FALSE,FALSE,FALSE,FALSE,FALSE,FALSE,FALSE
152,,TRUE,Months before shooting,"He was getting divorced and was unhappy that his wife wanted to do it through the legal system rather than the Hmong system. He threatened his wife and tried to force her to sign nonexistent divorce papers. He had money issues and was very angry about having to pay child support. The day before the shooting, legal action to garnish his wages began.",FALSE,FALSE,FALSE,TRUE,TRUE,TRUE,FALSE,FALSE,FALSE
153,,TRUE,Months before shooting,His neighbor reported that he was stressed after being fired a few months before the shooting and blamed himself for the termination. He was broke and rent was due soon.,FALSE,TRUE,FALSE,FALSE,TRUE,FALSE,FALSE,FALSE,FALSE
154,Economic stressor,TRUE,Years before shooting,"He had lost a significant amount of money gambling in the two years before the shooting. In the months before the shooting, he seemed slightly depressed. His girlfriend thought he was going to break up with her. A friend (Jim Nixon) had sense Paddock had bad intentions years before, and sent him letters pleading for him not to do something terrible.",FALSE,TRUE,FALSE,FALSE,FALSE,FALSE,TRUE,FALSE,FALSE
155,,TRUE,Months before shooting,"""In the six months before the shooting, he became depressed, had a shorter temper, and began to """"shut down."""" He had threatened his mother-in-law and continued to be controlling of his wife.""",FALSE,TRUE,FALSE,FALSE,TRUE,TRUE,TRUE,FALSE,FALSE
156,Legal issue,TRUE,Years before shooting,"He had mental health issues, including paranoia and delusions, for decades. 10 months before the shooting, he was arrested for stabbing a neighbor. The day before the shooting, he called his mother and told her it was all over and he had done everything he could to fight against the people in his neighborhood. His sister said they got calls like that for 20 years and it did not especially concern them. His sister said his mental health “continually deteriorated” over the last year especially.",FALSE,FALSE,FALSE,FALSE,TRUE,TRUE,FALSE,TRUE,TRUE
157,Recent break-up,TRUE,Months before shooting,"He broke up with his girlfriend a few months before but continued to be obsessed with her. He left gifts on her car, bought her flowers when she was sick, and was jealous when she began dating someone else. She made a Facebook post saying that she needed to get taken out, either on a date or by a sniper - he replied that he could do both.",FALSE,FALSE,FALSE,FALSE,FALSE,TRUE,FALSE,FALSE,FALSE
158,Family issue,TRUE,Months before shooting,"""His mother died a few months before the shooting. He was violent toward a family who took him in after her death, and threatened to bring his gun to their house. Someone reported to police that he was stockpiling weapons and could be a potential school shooter. Someone else called the FBI and told them that Cruz was """"going to explode,"""" a month before the shooting. He said that he wanted to kill people in his Instagram posts.""",FALSE,TRUE,FALSE,TRUE,TRUE,TRUE,TRUE,FALSE,FALSE
159,No evidence,TRUE,Weeks before shooting,He had told friends that he was going to kill people who were out to get him. ,FALSE,FALSE,FALSE,FALSE,TRUE,FALSE,FALSE,FALSE,TRUE
160,Employment stressor,TRUE,Years before shooting,"He had paranoid schizophrenia and was acting erratically in the years before the shooting, with paranoid and delusional beliefs. He had stopped contacting his parents about six months before, when he moved out of state. During the shooting, he was wearing only a coat. ",TRUE,FALSE,FALSE,TRUE,TRUE,FALSE,TRUE,TRUE,TRUE
161,No evidence,FALSE,,,FALSE,FALSE,FALSE,FALSE,FALSE,FALSE,FALSE,FALSE,FALSE
162,Legal issue,TRUE,Years before shooting,"He had stopped communicating with family members a few years prior to the shooting. He had previously become obsessed with a former classmate and was charged with harassing her, and then he became obsessed with bringing down the newspaper which reported his conviction.",FALSE,FALSE,FALSE,FALSE,TRUE,TRUE,TRUE,TRUE,FALSE
163,Recent break-up,TRUE,Months before shooting,"He had recently been divorced and believed that his ex-wife cheated on him. He kicked his wife out of their home before the divorce was finalized, sent her divorce papers in a language she couldn't read, and suddenly broke down crying when discussing her with a neighbor. ",FALSE,TRUE,FALSE,TRUE,TRUE,TRUE,FALSE,FALSE,FALSE
164,No evidence,TRUE,Years before shooting,"In the years before the shooting, he had little to no social interactions and spent increasing amounts of time engrossed in antisemitic rhetoric and threats online.",FALSE,FALSE,FALSE,FALSE,FALSE,TRUE,TRUE,FALSE,FALSE
165,Family issue,TRUE,Years before shooting,"For over a year before the shooting, he frequently argued with his mother loud enough for neighbors to hear, kicked holes in the walls, and seemed to have untreated PTSD. He did not have any friends.",TRUE,FALSE,FALSE,TRUE,TRUE,TRUE,TRUE,FALSE,FALSE
166,Employment stressor,TRUE,Weeks before shooting,He quit his job a few weeks before the shooting. He had previously been treated in mental hospitals and had expressed violent thoughts.,FALSE,FALSE,FALSE,FALSE,FALSE,FALSE,FALSE,FALSE,FALSE
167,Employment stressor,TRUE,Days before shooting,"In the days before the shooting, he was worried about his ex vandalizing his car and installed cameras nearby. Immediately before the shooting he was fired for workplace rule violations. He had previous convictions for domestic violence.",FALSE,FALSE,FALSE,FALSE,TRUE,FALSE,FALSE,FALSE,FALSE
168,,TRUE,Months before shooting,"He was facing disciplinary action at work for unauthorized expenses and was very agitated about it. He became too upset to discuss the issue and offered to pay thousands of dollars out of pocket instead of trying to work it out. His email drafts showed irrational and suspicious beliefs. He had insomnia. About six months before, he stopped communicating with his mother and ex-wife. On the day of the shooting, he resigned from his job.",TRUE,FALSE,FALSE,FALSE,TRUE,FALSE,TRUE,FALSE,TRUE
169,Employment stressor,FALSE,,,FALSE,FALSE,FALSE,FALSE,FALSE,FALSE,FALSE,FALSE,FALSE
170,Recent break-up,TRUE,Months before shooting,"In the months before the shooting, he called his ex-girlfriend while drunk, telling her he wanted to hurt a lot of people. She had grown afraid of him after he tried to give another ex-girlfriend a threatening letter. He told her he had nearly committed suicide twice before.",FALSE,TRUE,FALSE,TRUE,TRUE,TRUE,FALSE,FALSE,FALSE
171,Employment stressor,TRUE,Weeks before shooting,"He was fired from his job a few hours before the shooting and called police and the FBI to report atrocities he felt he had suffered there, and his workplace called the police to report his behavior after being fired. He had threatened his neighbor with a gun a few weeks before. He had previously been adjudicated mentally defective.",FALSE,FALSE,FALSE,FALSE,TRUE,TRUE,FALSE,FALSE,FALSE
172,No evidence,TRUE,Years before shooting,"He became estranged from his family in the early 2000s and began to hate police officers, go in and out of jail, and was frequently homeless. Ten years before the shooting, he was arrested for assaulting and threatening to kill a girlfriend. For at least a few years before the shooting, he became involved with the Black Hebrew Israelites and believed that Jewish people were imposters.",TRUE,FALSE,FALSE,TRUE,TRUE,TRUE,TRUE,TRUE,FALSE
173,Economic stressor,TRUE,Years before shooting,"""Two years before the shooting, after she started dating David Anderson, she changed from being a friendly and responsible person. A neighbor described the change as being like """"Jekyll and Hyde."""" Neighbors heard her and Anderson chanting at night, she stopped working, became isolated and unfriendly, and was evicted from her condo after not paying the mortgage. They became homeless and lived in a van.""",TRUE,FALSE,FALSE,FALSE,FALSE,FALSE,TRUE,FALSE,FALSE
174,Employment stressor,TRUE,Years before shooting,"About a year before the shooting, he told coworkers that people from the brewery where they worked were coming into his house, bugging his computer, and moving his furniture around. He also told his neighbor that spies were following him around to make sure he wasn't faking an injury to get worker's compensation. He had an ongoing dispute with a coworker.",FALSE,FALSE,FALSE,FALSE,TRUE,FALSE,FALSE,FALSE,TRUE
175,No evidence,TRUE,Weeks before shooting,"""In the weeks before the shooting, he had been acting erratically on Discord, being unnecessarily aggressive and getting a temporary ban for bad conduct. On the night of the shooting, he talked on the phone with his mother and worried her by asking if she had been """"infiltrated."""" She planned to come see him the next day because she was concerned for his mental health. He also had been isolating himself from his online group of friends in the two days before the shooting, which was very unusual.""",FALSE,FALSE,FALSE,TRUE,TRUE,FALSE,TRUE,TRUE,TRUE
176,Other,TRUE,Days before shooting,"""""""Nightengale's personal Facebook revealed a series of disturbing videos in the days and hours leading up to the rampage. He threatened to kill people and even threatened to blow up the community in one video, showed a gun in another, and engaged in random outbursts"""", """"She also found texts from earlier in that fateful week, from threatening messages to cries for help.""""""",FALSE,FALSE,FALSE,TRUE,TRUE,TRUE,FALSE,FALSE,FALSE
177,,TRUE,Years before shooting,"Started college, dropped out after one year, believed he was straying from his faith because of his fixation on sex (thought he was addicted), relationship with girlfriend fell apart because she found out he would go to massage businesses for sexual acts, relationship with parents became strained, night before shooting police said his parents threw him out of the house ",FALSE,TRUE,FALSE,FALSE,TRUE,FALSE,TRUE,FALSE,FALSE
178,No evidence,TRUE,Years before shooting,"Since 2014, he had been paranoid. In 2017, he attacked a classmate after alleged racist taunts. After losing a wresting match in 2018, he threatened to kill his teammates. After graduating high school in 2018, he withdrew from social activities. He had become even more isolated in the last year.",FALSE,TRUE,FALSE,FALSE,FALSE,FALSE,TRUE,TRUE,TRUE
179,No evidence,FALSE,,,FALSE,FALSE,FALSE,FALSE,FALSE,FALSE,FALSE,FALSE,FALSE
180,,TRUE,Years before shooting,Placed on a mental health hold in March 2020 after his mother told police he planned suicide by cop with a newly-purchased shotgun.,FALSE,TRUE,TRUE,FALSE,FALSE,TRUE,TRUE,FALSE,FALSE
181,Employment stressor,TRUE,Years before shooting,"His ex-wife reported that he hated his workplace over 10 years before the shooting. An ex-girlfriend said he had violent mood swings, alcohol problems, was sexually abusive, and did not treat his bipolar disorder. His sister noted that he had become even more withdrawn in the months before the shooting.",FALSE,FALSE,FALSE,TRUE,TRUE,TRUE,TRUE,FALSE,FALSE
182,No evidence,TRUE,Months before shooting,"In the months before the shooting, his only friend moved, his dog died, he began torturing animals, and sending disturbing texts to his mother. The day before the shooting, he was seen searching the web for ammunition in class. On the morning of the shooting, he drew a picture of a shooting victim with disturbing phrases on it and was pulled out of class to meet with school officials and his parents. ",FALSE,TRUE,FALSE,FALSE,FALSE,TRUE,FALSE,FALSE,FALSE
183,,TRUE,Years before shooting,"He began to get more engrossed in online misogynistic and right-wing conspiracy platforms, his tattoo business failed and he blamed his business partners (whom he targeted during the shooting), wrote a trilogy novel about mass murder where he named his victims and how he would kill the,",FALSE,FALSE,FALSE,TRUE,TRUE,TRUE,TRUE,TRUE,TRUE
184,No evidence,TRUE,Months before shooting,"""Dropped out of community college, quit his job, started to plan his attack and was lying to his parents about being in school when he was planning the attack, stated """"“I feel completely disconnected from my past,” he wrote on April 1. “It’s like I was reborn and was forced fed memories that I’m supposed to believe are connected to me but in reality it’s not.”""",TRUE,FALSE,FALSE,FALSE,TRUE,FALSE,TRUE,TRUE,TRUE
186,Other,TRUE,Days before shooting,"""""""He described his brother a good and happy guy, but that changed when he was afflicted with a painful back problem.""""""",TRUE,FALSE,FALSE,FALSE,TRUE,FALSE,FALSE,FALSE,FALSE
187,No evidence,TRUE,Years before shooting,"Suicidality in 2019, threatened to kill family in 2019, one of his only friends died from a heroine overdose in 2017",FALSE,TRUE,FALSE,FALSE,FALSE,FALSE,TRUE,FALSE,FALSE
188,No evidence,FALSE,,"""""""The parents of the 15-year-old suspected gunman who killed five people and wounded two others in a mass shooting in Raleigh, North Carolina, have issued a statement saying they had no warning of the violence he committed.""""""",FALSE,FALSE,FALSE,FALSE,FALSE,FALSE,FALSE,FALSE,FALSE
189,No evidence,TRUE,Years before shooting,"""""""Aaron Brink told The Post his ex-wife, Laura Voepel, called to tell him their son had become increasingly violent around a year ago."""", """"Aldrich’s grandmother told cops Aldrich was “going to be the next mass killer and has been collecting ammunition, firearms, bullet-proof body armor and storing it in the basement of the residence.”""""""",FALSE,FALSE,FALSE,TRUE,TRUE,TRUE,FALSE,FALSE,FALSE
190,Other,TRUE,Months before shooting,"""""""The shooter left behind a note that claimed he was harassed and pushed to the brink by a perception his phone was hacked"""", writing titled """"Death Note"""" list grievances that included coworkers prior to shooting""",FALSE,FALSE,FALSE,FALSE,TRUE,FALSE,TRUE,TRUE,TRUE
191,No evidence,TRUE,Years before shooting,"""""""Authorities said Tran visited a police station in Hemet, Calif., earlier this month to allege that his family in the Los Angeles area had defrauded, stolen from, and tried to poison him in incidents ranging from 10 to 20 years ago."""", """"He said Tran """"distrusted everyone"""" and had a personality that displayed paranoia and """"hate towards people.""""""""""",FALSE,FALSE,FALSE,TRUE,TRUE,FALSE,TRUE,TRUE,TRUE
192,Employment stressor,FALSE,,,FALSE,FALSE,FALSE,FALSE,FALSE,FALSE,FALSE,FALSE,FALSE
193,Other,TRUE,Months before shooting,"""""""Destanee Thomas, a former middle school classmate told ABC News Hale would “vent” on social media. """"[Hale] was posting a lot about depression in the past couple of weeks,"""" Thomas said."""", """"In the months leading up to the shooting, Hale became “infatuated” with a late schoolmate and repeatedly posted about the woman online in the months, according to a friend. Hale’s former classmate Samira Hardcastle has spoken out about the impact that the sudden death of Sydney Sims appears to have had on the 28-year-old... However, she said that she does not believe Hale and Sims were close – instead believing that Hale “admired” and was “infatuated” with Sims.""""""",FALSE,TRUE,FALSE,FALSE,FALSE,FALSE,FALSE,FALSE,FALSE
194,No evidence,FALSE,Days before shooting,,FALSE,FALSE,FALSE,FALSE,FALSE,FALSE,FALSE,FALSE,FALSE
195,No evidence,FALSE,,,FALSE,FALSE,FALSE,FALSE,FALSE,FALSE,FALSE,FALSE,FALSE
185,No evidence,TRUE,Years before shooting,"""When best friend moved a few years prior, started to change much more: """"But when Garcia and his mother relocated to another part of Texas for her job, he just started being a different person, Garcia said. He kept getting worse and worse, and I dont even know. """"While in earlier years, notes in his phone reflect that he unsuccessfully sought to fit in (including a fixation with weight and fitness that resulted in an eating disorder), in 2021 he appears to have increasingly withdrew and isolated himself."""" """,FALSE,FALSE,FALSE,TRUE,TRUE,TRUE,TRUE,FALSE,FALSE
