CASE #,Raised by Single Parent,Parental Divorce / Separation,Parental Death in Childhood,Parental Suicide,Childhood Trauma,Physically Abused,Sexually Abused,Emotionally Abused,Neglected,Childhood socioeconomic status,Mother Violent Treatment,Parental Substance Abuse,Parent Criminal Record,Family Member Incarcerated,Adult Trauma
1,FALSE,FALSE,FALSE,FALSE,TRUE,TRUE,FALSE,TRUE,FALSE,Middle class,TRUE,FALSE,FALSE,FALSE,Other
2,FALSE,FALSE,FALSE,FALSE,TRUE,FALSE,FALSE,FALSE,FALSE,Middle class,FALSE,FALSE,FALSE,FALSE,No evidence
3,FALSE,FALSE,FALSE,FALSE,FALSE,FALSE,FALSE,FALSE,FALSE,Middle class,FALSE,FALSE,FALSE,FALSE,No evidence
4,FALSE,FALSE,FALSE,FALSE,FALSE,FALSE,FALSE,FALSE,FALSE,,FALSE,FALSE,FALSE,FALSE,No evidence
5,FALSE,TRUE,FALSE,FALSE,FALSE,FALSE,FALSE,FALSE,FALSE,Middle class,FALSE,FALSE,FALSE,FALSE,Other
6,FALSE,FALSE,FALSE,FALSE,FALSE,FALSE,FALSE,FALSE,FALSE,Middle class,FALSE,FALSE,FALSE,FALSE,No evidence
7,FALSE,FALSE,FALSE,FALSE,FALSE,FALSE,FALSE,FALSE,FALSE,Lower class,FALSE,FALSE,FALSE,FALSE,Death or loss of a child
8,FALSE,FALSE,FALSE,FALSE,FALSE,FALSE,FALSE,FALSE,FALSE,Middle class,FALSE,FALSE,FALSE,FALSE,No evidence
9,FALSE,FALSE,FALSE,FALSE,FALSE,FALSE,FALSE,FALSE,FALSE,Middle class,FALSE,FALSE,FALSE,FALSE,Other
10,TRUE,FALSE,TRUE,TRUE,TRUE,FALSE,FALSE,FALSE,FALSE,,FALSE,FALSE,FALSE,FALSE,No evidence
11,FALSE,FALSE,FALSE,FALSE,TRUE,FALSE,FALSE,FALSE,FALSE,Lower class,FALSE,TRUE,FALSE,FALSE,No evidence
12,FALSE,FALSE,FALSE,FALSE,FALSE,FALSE,FALSE,FALSE,FALSE,Middle class,FALSE,FALSE,FALSE,FALSE,No evidence
13,FALSE,TRUE,FALSE,FALSE,FALSE,FALSE,FALSE,FALSE,FALSE,Middle class,FALSE,FALSE,FALSE,FALSE,No evidence
14,FALSE,FALSE,FALSE,FALSE,FALSE,FALSE,FALSE,FALSE,FALSE,,FALSE,FALSE,FALSE,FALSE,No evidence
15,FALSE,FALSE,FALSE,FALSE,FALSE,FALSE,FALSE,FALSE,FALSE,,FALSE,FALSE,FALSE,FALSE,No evidence
16,FALSE,FALSE,FALSE,FALSE,FALSE,FALSE,FALSE,FALSE,FALSE,Lower class,FALSE,FALSE,FALSE,FALSE,Traumatic accident
17,FALSE,FALSE,FALSE,FALSE,FALSE,FALSE,FALSE,FALSE,FALSE,,FALSE,FALSE,FALSE,FALSE,No evidence
18,FALSE,FALSE,FALSE,FALSE,FALSE,FALSE,FALSE,FALSE,FALSE,Middle class,FALSE,FALSE,FALSE,FALSE,Death of a parent causing significant distress
19,FALSE,FALSE,FALSE,FALSE,FALSE,FALSE,FALSE,FALSE,FALSE,,FALSE,FALSE,FALSE,FALSE,No evidence
20,FALSE,FALSE,FALSE,FALSE,FALSE,FALSE,FALSE,FALSE,FALSE,Lower class,FALSE,FALSE,FALSE,FALSE,No evidence
21,FALSE,TRUE,FALSE,FALSE,FALSE,FALSE,FALSE,FALSE,FALSE,Middle class,FALSE,FALSE,FALSE,TRUE,No evidence
22,FALSE,FALSE,FALSE,FALSE,FALSE,FALSE,FALSE,FALSE,FALSE,,FALSE,FALSE,FALSE,FALSE,No evidence
23,FALSE,FALSE,FALSE,FALSE,FALSE,FALSE,FALSE,FALSE,FALSE,,FALSE,FALSE,FALSE,FALSE,No evidence
24,FALSE,FALSE,FALSE,FALSE,FALSE,FALSE,FALSE,FALSE,FALSE,,FALSE,FALSE,FALSE,FALSE,No evidence
25,FALSE,TRUE,FALSE,FALSE,TRUE,FALSE,FALSE,TRUE,FALSE,Lower class,FALSE,FALSE,FALSE,FALSE,No evidence
26,FALSE,FALSE,FALSE,FALSE,FALSE,FALSE,FALSE,FALSE,FALSE,Lower class,FALSE,FALSE,FALSE,FALSE,No evidence
27,FALSE,FALSE,FALSE,FALSE,FALSE,FALSE,FALSE,FALSE,FALSE,Middle class,FALSE,FALSE,FALSE,FALSE,No evidence
28,FALSE,FALSE,FALSE,FALSE,TRUE,TRUE,FALSE,TRUE,FALSE,Lower class,FALSE,FALSE,FALSE,FALSE,No evidence
29,TRUE,TRUE,FALSE,FALSE,TRUE,FALSE,FALSE,FALSE,FALSE,Lower class,FALSE,FALSE,FALSE,FALSE,No evidence
30,FALSE,FALSE,FALSE,FALSE,FALSE,FALSE,FALSE,FALSE,FALSE,Middle class,FALSE,FALSE,FALSE,FALSE,No evidence
31,FALSE,FALSE,FALSE,FALSE,FALSE,FALSE,FALSE,FALSE,FALSE,,FALSE,FALSE,FALSE,FALSE,No evidence
32,FALSE,FALSE,FALSE,FALSE,TRUE,FALSE,FALSE,FALSE,FALSE,Lower class,FALSE,FALSE,FALSE,FALSE,Death of a parent causing significant distress
33,FALSE,FALSE,FALSE,FALSE,TRUE,FALSE,FALSE,FALSE,FALSE,Lower class,FALSE,TRUE,TRUE,FALSE,No evidence
34,FALSE,FALSE,FALSE,FALSE,FALSE,FALSE,FALSE,FALSE,FALSE,Middle class,FALSE,FALSE,FALSE,FALSE,No evidence
35,FALSE,TRUE,FALSE,FALSE,FALSE,FALSE,FALSE,FALSE,FALSE,Middle class,FALSE,FALSE,FALSE,FALSE,No evidence
36,FALSE,FALSE,FALSE,FALSE,FALSE,FALSE,FALSE,FALSE,FALSE,Lower class,FALSE,FALSE,FALSE,FALSE,Trauma from war
37,TRUE,TRUE,FALSE,FALSE,TRUE,FALSE,TRUE,FALSE,TRUE,Lower class,TRUE,FALSE,TRUE,FALSE,No evidence
38,TRUE,FALSE,TRUE,FALSE,TRUE,FALSE,FALSE,FALSE,TRUE,Lower class,FALSE,FALSE,FALSE,FALSE,No evidence
39,TRUE,TRUE,FALSE,FALSE,FALSE,FALSE,FALSE,FALSE,FALSE,Lower class,FALSE,FALSE,FALSE,FALSE,Death of a parent causing significant distress
40,FALSE,FALSE,FALSE,FALSE,TRUE,FALSE,FALSE,FALSE,FALSE,Lower class,FALSE,FALSE,TRUE,TRUE,No evidence
41,FALSE,FALSE,FALSE,FALSE,TRUE,TRUE,FALSE,TRUE,FALSE,Upper class,FALSE,FALSE,FALSE,FALSE,No evidence
42,FALSE,FALSE,FALSE,FALSE,FALSE,FALSE,FALSE,FALSE,FALSE,Lower class,FALSE,FALSE,FALSE,FALSE,No evidence
43,FALSE,FALSE,FALSE,FALSE,FALSE,FALSE,FALSE,FALSE,FALSE,,FALSE,FALSE,FALSE,FALSE,Trauma from war
44,TRUE,TRUE,FALSE,FALSE,TRUE,FALSE,FALSE,FALSE,TRUE,Middle class,FALSE,FALSE,FALSE,FALSE,No evidence
45,FALSE,TRUE,FALSE,FALSE,TRUE,TRUE,FALSE,TRUE,FALSE,Lower class,TRUE,TRUE,TRUE,FALSE,Death of a parent causing significant distress
46,TRUE,TRUE,FALSE,FALSE,TRUE,TRUE,TRUE,TRUE,TRUE,Lower class,TRUE,TRUE,FALSE,FALSE,No evidence
47,FALSE,FALSE,FALSE,FALSE,FALSE,FALSE,FALSE,FALSE,FALSE,,FALSE,FALSE,FALSE,FALSE,No evidence
48,FALSE,FALSE,FALSE,FALSE,FALSE,FALSE,FALSE,FALSE,FALSE,,FALSE,FALSE,FALSE,FALSE,No evidence
49,FALSE,FALSE,FALSE,FALSE,FALSE,FALSE,FALSE,FALSE,FALSE,,FALSE,FALSE,FALSE,FALSE,No evidence
50,FALSE,FALSE,FALSE,TRUE,TRUE,FALSE,FALSE,FALSE,FALSE,Lower class,TRUE,FALSE,FALSE,FALSE,Death of a parent causing significant distress
51,FALSE,FALSE,FALSE,FALSE,FALSE,FALSE,FALSE,FALSE,FALSE,Upper class,FALSE,FALSE,FALSE,FALSE,No evidence
52,FALSE,FALSE,FALSE,TRUE,FALSE,FALSE,FALSE,FALSE,FALSE,Middle class,FALSE,FALSE,FALSE,FALSE,Death of a parent causing significant distress
53,FALSE,FALSE,FALSE,FALSE,TRUE,FALSE,FALSE,FALSE,FALSE,Upper class,FALSE,FALSE,FALSE,FALSE,Death of a parent causing significant distress
54,FALSE,TRUE,FALSE,FALSE,TRUE,TRUE,TRUE,TRUE,FALSE,Lower class,TRUE,FALSE,FALSE,FALSE,No evidence
55,FALSE,FALSE,FALSE,FALSE,TRUE,FALSE,TRUE,FALSE,FALSE,Middle class,FALSE,FALSE,FALSE,FALSE,No evidence
56,FALSE,FALSE,FALSE,FALSE,TRUE,FALSE,FALSE,FALSE,FALSE,Lower class,FALSE,FALSE,FALSE,FALSE,No evidence
57,FALSE,FALSE,FALSE,FALSE,FALSE,FALSE,FALSE,FALSE,FALSE,Middle class,FALSE,FALSE,FALSE,FALSE,No evidence
58,FALSE,FALSE,FALSE,FALSE,TRUE,TRUE,FALSE,FALSE,FALSE,,FALSE,FALSE,FALSE,FALSE,No evidence
59,FALSE,FALSE,FALSE,FALSE,FALSE,FALSE,FALSE,FALSE,FALSE,Lower class,FALSE,FALSE,FALSE,FALSE,No evidence
60,FALSE,FALSE,FALSE,FALSE,FALSE,FALSE,FALSE,FALSE,FALSE,,FALSE,FALSE,FALSE,FALSE,No evidence
61,FALSE,FALSE,FALSE,FALSE,FALSE,FALSE,FALSE,FALSE,FALSE,,FALSE,FALSE,FALSE,FALSE,No evidence
62,FALSE,FALSE,FALSE,FALSE,FALSE,FALSE,FALSE,FALSE,FALSE,,FALSE,FALSE,FALSE,FALSE,Death of a family member causing significant distress
63,FALSE,FALSE,FALSE,FALSE,FALSE,FALSE,FALSE,FALSE,FALSE,,FALSE,FALSE,FALSE,FALSE,No evidence
64,FALSE,FALSE,FALSE,FALSE,FALSE,FALSE,FALSE,FALSE,FALSE,,FALSE,FALSE,FALSE,FALSE,No evidence
65,FALSE,FALSE,FALSE,FALSE,FALSE,FALSE,FALSE,FALSE,FALSE,Lower class,FALSE,FALSE,FALSE,FALSE,No evidence
66,FALSE,FALSE,FALSE,FALSE,FALSE,FALSE,FALSE,FALSE,FALSE,Middle class,FALSE,FALSE,FALSE,FALSE,No evidence
67,FALSE,FALSE,FALSE,FALSE,FALSE,FALSE,FALSE,FALSE,FALSE,Middle class,FALSE,FALSE,FALSE,FALSE,No evidence
68,FALSE,TRUE,FALSE,FALSE,TRUE,FALSE,TRUE,FALSE,TRUE,Lower class,FALSE,FALSE,TRUE,FALSE,No evidence
69,FALSE,FALSE,FALSE,FALSE,TRUE,FALSE,FALSE,FALSE,FALSE,Upper class,FALSE,FALSE,FALSE,FALSE,No evidence
70,TRUE,FALSE,TRUE,FALSE,TRUE,FALSE,FALSE,FALSE,FALSE,Lower class,FALSE,FALSE,FALSE,FALSE,No evidence
71,FALSE,FALSE,FALSE,FALSE,FALSE,FALSE,FALSE,FALSE,FALSE,Middle class,FALSE,FALSE,FALSE,FALSE,No evidence
72,FALSE,FALSE,FALSE,FALSE,FALSE,FALSE,FALSE,FALSE,FALSE,Middle class,FALSE,FALSE,FALSE,FALSE,No evidence
73,FALSE,TRUE,FALSE,FALSE,TRUE,TRUE,FALSE,FALSE,FALSE,Middle class,TRUE,TRUE,FALSE,FALSE,Death of a family member causing significant distress
74,FALSE,FALSE,FALSE,FALSE,FALSE,FALSE,FALSE,FALSE,FALSE,Middle class,FALSE,FALSE,FALSE,FALSE,No evidence
75,FALSE,FALSE,FALSE,FALSE,FALSE,FALSE,FALSE,FALSE,FALSE,Middle class,FALSE,FALSE,FALSE,FALSE,Death of a parent causing significant distress
76,FALSE,FALSE,FALSE,FALSE,FALSE,FALSE,FALSE,FALSE,FALSE,Middle class,FALSE,FALSE,FALSE,FALSE,Death of a parent causing significant distress
77,FALSE,FALSE,FALSE,FALSE,FALSE,FALSE,FALSE,FALSE,FALSE,,FALSE,FALSE,FALSE,FALSE,No evidence
78,TRUE,FALSE,TRUE,FALSE,TRUE,FALSE,FALSE,TRUE,FALSE,,TRUE,FALSE,TRUE,TRUE,No evidence
79,FALSE,FALSE,FALSE,FALSE,FALSE,FALSE,FALSE,FALSE,FALSE,Upper class,FALSE,FALSE,FALSE,FALSE,No evidence
80,FALSE,FALSE,FALSE,FALSE,TRUE,FALSE,TRUE,FALSE,FALSE,Middle class,FALSE,FALSE,FALSE,FALSE,No evidence
81,FALSE,FALSE,FALSE,FALSE,FALSE,FALSE,FALSE,FALSE,FALSE,,FALSE,FALSE,FALSE,FALSE,No evidence
82,FALSE,FALSE,FALSE,FALSE,FALSE,FALSE,FALSE,FALSE,FALSE,,FALSE,FALSE,FALSE,FALSE,No evidence
83,FALSE,FALSE,FALSE,FALSE,FALSE,FALSE,FALSE,FALSE,FALSE,,FALSE,FALSE,FALSE,FALSE,No evidence
84,FALSE,TRUE,FALSE,FALSE,TRUE,TRUE,TRUE,TRUE,FALSE,Middle class,TRUE,FALSE,TRUE,TRUE,No evidence
85,FALSE,FALSE,FALSE,FALSE,FALSE,FALSE,FALSE,FALSE,FALSE,,FALSE,FALSE,FALSE,FALSE,No evidence
86,FALSE,FALSE,FALSE,FALSE,FALSE,FALSE,FALSE,FALSE,FALSE,,FALSE,FALSE,FALSE,FALSE,No evidence
87,FALSE,FALSE,FALSE,FALSE,FALSE,FALSE,FALSE,FALSE,FALSE,,FALSE,FALSE,FALSE,FALSE,No evidence
88,FALSE,FALSE,FALSE,FALSE,FALSE,FALSE,FALSE,FALSE,FALSE,,FALSE,FALSE,FALSE,FALSE,No evidence
89,FALSE,FALSE,FALSE,FALSE,FALSE,FALSE,FALSE,FALSE,FALSE,,FALSE,FALSE,FALSE,FALSE,No evidence
90,FALSE,FALSE,FALSE,FALSE,FALSE,FALSE,FALSE,FALSE,FALSE,,FALSE,FALSE,FALSE,FALSE,No evidence
91,FALSE,FALSE,FALSE,FALSE,TRUE,FALSE,FALSE,FALSE,FALSE,Lower class,FALSE,FALSE,FALSE,FALSE,No evidence
92,FALSE,TRUE,FALSE,FALSE,TRUE,FALSE,FALSE,TRUE,TRUE,Middle class,FALSE,FALSE,FALSE,FALSE,No evidence
93,FALSE,FALSE,FALSE,FALSE,TRUE,FALSE,TRUE,FALSE,FALSE,Middle class,FALSE,TRUE,FALSE,FALSE,No evidence
94,TRUE,TRUE,FALSE,FALSE,TRUE,TRUE,FALSE,TRUE,TRUE,Middle class,FALSE,FALSE,FALSE,FALSE,No evidence
95,TRUE,TRUE,FALSE,TRUE,TRUE,TRUE,FALSE,TRUE,TRUE,Lower class,FALSE,TRUE,TRUE,FALSE,No evidence
96,FALSE,FALSE,FALSE,FALSE,FALSE,FALSE,FALSE,FALSE,FALSE,,FALSE,FALSE,FALSE,FALSE,No evidence
97,FALSE,FALSE,FALSE,FALSE,FALSE,FALSE,FALSE,FALSE,FALSE,,FALSE,FALSE,FALSE,FALSE,No evidence
98,FALSE,TRUE,FALSE,FALSE,FALSE,FALSE,FALSE,FALSE,FALSE,Middle class,FALSE,FALSE,TRUE,FALSE,No evidence
99,FALSE,FALSE,FALSE,FALSE,FALSE,FALSE,FALSE,FALSE,FALSE,Lower class,FALSE,FALSE,FALSE,FALSE,No evidence
100,FALSE,FALSE,FALSE,FALSE,FALSE,FALSE,FALSE,FALSE,FALSE,Middle class,FALSE,FALSE,FALSE,FALSE,Death or loss of a child
101,FALSE,FALSE,FALSE,FALSE,TRUE,FALSE,FALSE,FALSE,FALSE,Lower class,FALSE,FALSE,FALSE,FALSE,No evidence
102,FALSE,FALSE,FALSE,FALSE,TRUE,FALSE,FALSE,FALSE,FALSE,Lower class,FALSE,FALSE,FALSE,FALSE,No evidence
103,FALSE,TRUE,FALSE,FALSE,TRUE,TRUE,TRUE,TRUE,FALSE,Middle class,FALSE,FALSE,FALSE,FALSE,No evidence
104,FALSE,FALSE,FALSE,FALSE,TRUE,TRUE,FALSE,TRUE,FALSE,Upper class,FALSE,FALSE,FALSE,FALSE,No evidence
105,FALSE,FALSE,FALSE,FALSE,FALSE,FALSE,FALSE,FALSE,FALSE,Middle class,FALSE,FALSE,FALSE,FALSE,No evidence
106,FALSE,FALSE,FALSE,FALSE,FALSE,FALSE,FALSE,FALSE,FALSE,Middle class,FALSE,FALSE,FALSE,FALSE,Death of a parent causing significant distress
107,TRUE,TRUE,FALSE,FALSE,FALSE,FALSE,FALSE,FALSE,FALSE,Middle class,FALSE,FALSE,FALSE,FALSE,Death of a parent causing significant distress
108,FALSE,FALSE,FALSE,FALSE,FALSE,FALSE,FALSE,FALSE,FALSE,,FALSE,FALSE,FALSE,FALSE,No evidence
109,FALSE,FALSE,FALSE,FALSE,TRUE,FALSE,FALSE,FALSE,FALSE,Middle class,FALSE,FALSE,FALSE,FALSE,No evidence
110,FALSE,FALSE,FALSE,FALSE,FALSE,FALSE,FALSE,FALSE,FALSE,,FALSE,FALSE,FALSE,FALSE,No evidence
111,FALSE,FALSE,FALSE,FALSE,TRUE,FALSE,FALSE,FALSE,FALSE,,FALSE,FALSE,FALSE,FALSE,No evidence
112,FALSE,FALSE,FALSE,FALSE,FALSE,FALSE,FALSE,FALSE,FALSE,,FALSE,FALSE,FALSE,FALSE,No evidence
113,FALSE,FALSE,FALSE,FALSE,FALSE,FALSE,FALSE,FALSE,FALSE,Middle class,FALSE,FALSE,FALSE,FALSE,Death of a parent causing significant distress
114,TRUE,TRUE,FALSE,FALSE,TRUE,FALSE,FALSE,FALSE,FALSE,Lower class,FALSE,FALSE,FALSE,FALSE,No evidence
115,FALSE,FALSE,FALSE,FALSE,FALSE,FALSE,FALSE,FALSE,FALSE,,FALSE,FALSE,FALSE,FALSE,No evidence
116,FALSE,FALSE,FALSE,FALSE,FALSE,FALSE,FALSE,FALSE,FALSE,Lower class,FALSE,FALSE,FALSE,FALSE,No evidence
117,FALSE,FALSE,FALSE,FALSE,FALSE,FALSE,FALSE,FALSE,FALSE,Lower class,FALSE,FALSE,FALSE,FALSE,No evidence
118,FALSE,TRUE,FALSE,FALSE,FALSE,FALSE,FALSE,FALSE,FALSE,Lower class,FALSE,FALSE,TRUE,TRUE,No evidence
119,FALSE,FALSE,FALSE,FALSE,FALSE,FALSE,FALSE,FALSE,FALSE,,FALSE,FALSE,FALSE,FALSE,No evidence
120,FALSE,FALSE,FALSE,FALSE,FALSE,FALSE,FALSE,FALSE,FALSE,Middle class,FALSE,FALSE,FALSE,FALSE,No evidence
121,FALSE,FALSE,FALSE,FALSE,FALSE,FALSE,FALSE,FALSE,FALSE,Middle class,FALSE,FALSE,FALSE,FALSE,No evidence
122,FALSE,FALSE,FALSE,FALSE,FALSE,FALSE,FALSE,FALSE,FALSE,Middle class,FALSE,FALSE,FALSE,FALSE,No evidence
123,FALSE,TRUE,FALSE,FALSE,TRUE,FALSE,FALSE,FALSE,FALSE,Upper class,FALSE,FALSE,FALSE,FALSE,Traumatic accident
124,FALSE,FALSE,FALSE,FALSE,FALSE,FALSE,FALSE,FALSE,FALSE,Lower class,FALSE,FALSE,FALSE,FALSE,
125,FALSE,FALSE,FALSE,FALSE,FALSE,FALSE,FALSE,FALSE,FALSE,Middle class,FALSE,FALSE,FALSE,FALSE,No evidence
126,FALSE,FALSE,FALSE,FALSE,FALSE,FALSE,FALSE,FALSE,FALSE,Middle class,FALSE,FALSE,FALSE,FALSE,No evidence
127,FALSE,TRUE,FALSE,FALSE,TRUE,FALSE,FALSE,FALSE,FALSE,Middle class,FALSE,FALSE,FALSE,FALSE,No evidence
128,FALSE,FALSE,FALSE,FALSE,FALSE,FALSE,FALSE,FALSE,FALSE,Middle class,FALSE,FALSE,FALSE,FALSE,No evidence
129,FALSE,TRUE,FALSE,FALSE,TRUE,FALSE,FALSE,FALSE,FALSE,Upper class,FALSE,FALSE,FALSE,FALSE,No evidence
130,FALSE,FALSE,FALSE,FALSE,FALSE,FALSE,FALSE,FALSE,FALSE,,FALSE,FALSE,FALSE,FALSE,No evidence
131,TRUE,TRUE,FALSE,FALSE,FALSE,FALSE,FALSE,FALSE,FALSE,,FALSE,FALSE,FALSE,FALSE,No evidence
132,FALSE,TRUE,FALSE,FALSE,TRUE,FALSE,FALSE,TRUE,FALSE,Upper class,TRUE,FALSE,TRUE,FALSE,No evidence
133,FALSE,FALSE,FALSE,FALSE,FALSE,FALSE,FALSE,FALSE,FALSE,Middle class,FALSE,FALSE,FALSE,FALSE,No evidence
134,FALSE,FALSE,FALSE,FALSE,FALSE,FALSE,FALSE,FALSE,FALSE,,FALSE,FALSE,FALSE,FALSE,Other
135,FALSE,FALSE,FALSE,FALSE,FALSE,FALSE,FALSE,FALSE,FALSE,Lower class,FALSE,FALSE,FALSE,FALSE,No evidence
136,FALSE,TRUE,FALSE,FALSE,TRUE,FALSE,FALSE,FALSE,FALSE,Upper class,FALSE,FALSE,FALSE,FALSE,No evidence
137,FALSE,TRUE,FALSE,FALSE,TRUE,TRUE,FALSE,FALSE,FALSE,Lower class,FALSE,FALSE,TRUE,FALSE,No evidence
138,FALSE,TRUE,FALSE,FALSE,TRUE,FALSE,FALSE,FALSE,FALSE,Upper class,TRUE,FALSE,FALSE,FALSE,No evidence
139,FALSE,FALSE,FALSE,FALSE,TRUE,TRUE,FALSE,FALSE,FALSE,Middle class,TRUE,FALSE,FALSE,FALSE,No evidence
140,TRUE,TRUE,FALSE,FALSE,TRUE,FALSE,TRUE,FALSE,FALSE,Lower class,FALSE,FALSE,FALSE,FALSE,No evidence
141,FALSE,FALSE,FALSE,FALSE,TRUE,TRUE,FALSE,TRUE,FALSE,Middle class,TRUE,TRUE,FALSE,FALSE,Death of a parent causing significant distress
142,FALSE,FALSE,FALSE,FALSE,TRUE,TRUE,FALSE,TRUE,FALSE,Lower class,TRUE,TRUE,FALSE,FALSE,No evidence
143,FALSE,FALSE,FALSE,FALSE,FALSE,FALSE,FALSE,FALSE,FALSE,Upper class,FALSE,FALSE,FALSE,FALSE,No evidence
144,FALSE,FALSE,FALSE,FALSE,FALSE,FALSE,FALSE,FALSE,FALSE,Middle class,FALSE,FALSE,FALSE,FALSE,No evidence
147,FALSE,FALSE,FALSE,FALSE,TRUE,TRUE,FALSE,TRUE,FALSE,Upper class,TRUE,FALSE,TRUE,FALSE,No evidence
148,FALSE,TRUE,FALSE,FALSE,FALSE,FALSE,FALSE,FALSE,FALSE,Middle class,FALSE,FALSE,FALSE,FALSE,No evidence
149,FALSE,TRUE,FALSE,FALSE,TRUE,TRUE,FALSE,FALSE,FALSE,Lower class,TRUE,FALSE,FALSE,TRUE,No evidence
150,FALSE,FALSE,FALSE,FALSE,FALSE,FALSE,FALSE,FALSE,FALSE,Lower class,FALSE,FALSE,FALSE,FALSE,Trauma from war
151,FALSE,FALSE,FALSE,FALSE,FALSE,FALSE,FALSE,FALSE,FALSE,,FALSE,FALSE,FALSE,FALSE,No evidence
152,FALSE,FALSE,FALSE,FALSE,FALSE,FALSE,FALSE,FALSE,FALSE,Lower class,FALSE,FALSE,FALSE,FALSE,No evidence
153,FALSE,FALSE,FALSE,FALSE,TRUE,FALSE,FALSE,TRUE,FALSE,,FALSE,FALSE,FALSE,FALSE,No evidence
154,TRUE,TRUE,FALSE,FALSE,TRUE,FALSE,FALSE,FALSE,FALSE,Lower class,FALSE,FALSE,TRUE,TRUE,No evidence
155,FALSE,FALSE,FALSE,FALSE,FALSE,FALSE,FALSE,FALSE,FALSE,Middle class,FALSE,FALSE,FALSE,FALSE,No evidence
156,FALSE,FALSE,FALSE,FALSE,FALSE,FALSE,FALSE,FALSE,FALSE,,FALSE,FALSE,FALSE,FALSE,No evidence
157,FALSE,FALSE,FALSE,FALSE,FALSE,FALSE,FALSE,FALSE,FALSE,Lower class,FALSE,FALSE,FALSE,FALSE,No evidence
158,TRUE,FALSE,TRUE,FALSE,TRUE,FALSE,FALSE,FALSE,FALSE,Upper class,FALSE,FALSE,FALSE,FALSE,Death of a parent causing significant distress
159,FALSE,FALSE,FALSE,FALSE,FALSE,FALSE,FALSE,FALSE,FALSE,Lower class,FALSE,FALSE,FALSE,FALSE,No evidence
160,FALSE,FALSE,FALSE,FALSE,FALSE,FALSE,FALSE,FALSE,FALSE,Middle class,FALSE,FALSE,FALSE,FALSE,No evidence
161,FALSE,FALSE,FALSE,FALSE,TRUE,FALSE,FALSE,TRUE,FALSE,Upper class,FALSE,FALSE,FALSE,FALSE,No evidence
162,FALSE,FALSE,FALSE,FALSE,FALSE,FALSE,FALSE,FALSE,FALSE,Middle class,FALSE,FALSE,FALSE,FALSE,No evidence
163,FALSE,FALSE,FALSE,FALSE,FALSE,FALSE,FALSE,FALSE,FALSE,,FALSE,FALSE,FALSE,FALSE,No evidence
164,TRUE,TRUE,FALSE,TRUE,TRUE,FALSE,FALSE,FALSE,FALSE,,FALSE,FALSE,TRUE,TRUE,No evidence
165,TRUE,FALSE,TRUE,FALSE,FALSE,FALSE,FALSE,FALSE,FALSE,Middle class,FALSE,FALSE,FALSE,FALSE,Trauma from war
166,FALSE,TRUE,FALSE,FALSE,FALSE,FALSE,FALSE,FALSE,FALSE,Lower class,FALSE,FALSE,FALSE,FALSE,No evidence
167,TRUE,TRUE,FALSE,FALSE,FALSE,FALSE,FALSE,FALSE,FALSE,Lower class,FALSE,FALSE,FALSE,FALSE,No evidence
168,FALSE,TRUE,FALSE,FALSE,FALSE,FALSE,FALSE,FALSE,FALSE,,FALSE,FALSE,FALSE,FALSE,No evidence
169,FALSE,TRUE,FALSE,FALSE,TRUE,FALSE,FALSE,FALSE,TRUE,Upper class,FALSE,TRUE,TRUE,FALSE,No evidence
170,FALSE,FALSE,FALSE,FALSE,FALSE,FALSE,FALSE,FALSE,FALSE,Middle class,FALSE,FALSE,FALSE,FALSE,No evidence
171,FALSE,TRUE,FALSE,FALSE,FALSE,FALSE,FALSE,FALSE,FALSE,,FALSE,FALSE,FALSE,FALSE,Death of a family member causing significant distress
172,TRUE,FALSE,TRUE,FALSE,TRUE,FALSE,FALSE,FALSE,FALSE,Lower class,FALSE,FALSE,FALSE,FALSE,No evidence
173,FALSE,FALSE,FALSE,FALSE,FALSE,FALSE,FALSE,FALSE,FALSE,Lower class,FALSE,FALSE,FALSE,FALSE,No evidence
174,FALSE,FALSE,FALSE,FALSE,FALSE,FALSE,FALSE,FALSE,FALSE,,FALSE,FALSE,FALSE,FALSE,Death or loss of a child
175,FALSE,FALSE,FALSE,FALSE,FALSE,FALSE,FALSE,FALSE,FALSE,Upper class,FALSE,FALSE,FALSE,FALSE,No evidence
176,FALSE,FALSE,FALSE,FALSE,FALSE,FALSE,FALSE,FALSE,FALSE,,FALSE,FALSE,FALSE,FALSE,No evidence
177,FALSE,FALSE,FALSE,FALSE,FALSE,FALSE,FALSE,FALSE,FALSE,Middle class,FALSE,FALSE,FALSE,FALSE,Other
178,FALSE,FALSE,FALSE,FALSE,FALSE,FALSE,FALSE,FALSE,FALSE,Lower class,FALSE,FALSE,FALSE,FALSE,No evidence
179,FALSE,FALSE,FALSE,FALSE,FALSE,FALSE,FALSE,FALSE,FALSE,,FALSE,FALSE,FALSE,FALSE,No evidence
180,TRUE,FALSE,TRUE,TRUE,TRUE,FALSE,FALSE,FALSE,FALSE,,FALSE,TRUE,FALSE,FALSE,No evidence
181,FALSE,FALSE,FALSE,FALSE,FALSE,FALSE,FALSE,FALSE,FALSE,,FALSE,FALSE,FALSE,FALSE,No evidence
182,FALSE,FALSE,FALSE,FALSE,TRUE,FALSE,FALSE,FALSE,TRUE,Lower class,FALSE,TRUE,FALSE,FALSE,No evidence
183,FALSE,FALSE,FALSE,FALSE,FALSE,FALSE,FALSE,FALSE,FALSE,Lower class,FALSE,FALSE,FALSE,FALSE,Death of a parent causing significant distress
184,FALSE,FALSE,FALSE,FALSE,FALSE,FALSE,FALSE,FALSE,FALSE,Middle class,FALSE,FALSE,FALSE,FALSE,No evidence
185,TRUE,TRUE,FALSE,FALSE,TRUE,TRUE,TRUE,TRUE,TRUE,Lower class,TRUE,TRUE,TRUE,TRUE,No evidence
186,FALSE,FALSE,FALSE,FALSE,FALSE,FALSE,FALSE,FALSE,FALSE,,FALSE,FALSE,FALSE,FALSE,No evidence
187,FALSE,TRUE,FALSE,FALSE,TRUE,FALSE,FALSE,TRUE,TRUE,Middle class,FALSE,TRUE,TRUE,FALSE,Other
188,FALSE,FALSE,FALSE,FALSE,FALSE,FALSE,FALSE,FALSE,FALSE,Lower class,FALSE,FALSE,FALSE,FALSE,No evidence
189,TRUE,TRUE,FALSE,FALSE,TRUE,,FALSE,TRUE,TRUE,Middle class,FALSE,TRUE,TRUE,TRUE,No evidence
190,FALSE,FALSE,FALSE,FALSE,FALSE,FALSE,FALSE,FALSE,FALSE,Lower class,FALSE,FALSE,FALSE,FALSE,No evidence
191,FALSE,FALSE,FALSE,FALSE,FALSE,FALSE,FALSE,FALSE,FALSE,Lower class,FALSE,FALSE,FALSE,FALSE,No evidence
192,FALSE,FALSE,FALSE,FALSE,FALSE,FALSE,FALSE,FALSE,FALSE,Lower class,FALSE,FALSE,FALSE,FALSE,No evidence
193,FALSE,FALSE,FALSE,FALSE,FALSE,FALSE,FALSE,FALSE,FALSE,Middle class,FALSE,FALSE,FALSE,FALSE,Other
194,FALSE,FALSE,FALSE,FALSE,FALSE,FALSE,FALSE,FALSE,FALSE,Middle class,FALSE,FALSE,FALSE,FALSE,No evidence
195,FALSE,FALSE,FALSE,FALSE,FALSE,FALSE,FALSE,FALSE,FALSE,Middle class,FALSE,FALSE,FALSE,FALSE,No evidence
